SDUID,biodiversity,carbon,forestry_value,grazing_value,grazing_methane,cropland_value,noxn_in_drinking_water,transition_cost,production_value,net_econ_value,net_ghg_co2e
1,1917.220253,2859641.734375,0.0,0.0,0.0,-613953.75,15988.799622,605892.304626,-613953.75,-1219846.054626,10485353.026041666
2,1940.479347,2992105.813477,0.0,0.0,0.0,0.0,15716.961884,557760.588562,0.0,-557760.588562,10971054.649415666
3,1952.131924,2821476.369141,67.275772,0.0,0.0,354582.6875,17007.734528,538886.762451,354649.963272,-184236.79917900002,10345413.353517
4,1937.116945,2792376.693359,102.044724,0.0,0.0,234481.625,18260.500481,535817.154297,234583.669724,-301233.484573,10238714.542316334
5,1909.696449,2801726.581177,328.916145,0.0,0.0,60397.875,16984.369263,551013.25415,60726.791145,-490286.463005,10272997.464315666
6,2008.413295,2948939.640137,0.0,0.0,0.0,622581.648438,17913.129486,509617.268311,622581.648438,112964.38012699998,10812778.680502333
7,2114.176912,3114723.894531,311.13871,0.0,0.0,523377.171875,18932.06048,590480.909668,523688.310585,-66792.59908299992,11420654.279947
8,2193.515795,3164299.722656,1067.233139,0.0,0.0,370183.75,19705.960968,649457.871521,371250.983139,-278206.88838200003,11602432.316405332
9,2198.746317,3323628.798828,5448.599854,0.0,0.0,-949699.730469,19814.745819,662300.746094,-944251.1306149999,-1606551.8767089997,12186638.929036
10,2134.909138,3186561.568359,6207.276611,0.0,0.0,-921377.984375,20596.324524,618633.224854,-915170.707764,-1533803.932618,11684059.083983
11,2038.090857,3008383.758545,4596.977402,0.0,0.0,-139369.921875,18975.922035,589485.750793,-134772.944473,-724258.695266,11030740.447998334
12,1961.019429,3048884.88623,3748.938751,0.0,0.0,-20324.664062,16477.529755,560841.71167,-16575.725311,-577417.436981,11179244.582843332
13,1951.596066,2944320.88916,3508.470673,0.0,0.0,321399.164062,16343.787415,608252.871094,324907.63473499997,-283345.236359,10795843.260253333
14,2000.9611,2917323.333984,3634.468628,0.0,0.0,941611.875,16607.450439,662297.470703,945246.343628,282948.87292500003,10696852.224608
15,2010.967269,2929156.872559,3170.330078,0.0,0.0,884371.828125,16691.326187,699966.290894,887542.158203,187575.867309,10740241.866049666
16,2030.526497,3031088.878906,3186.209961,0.0,0.0,864596.757812,18176.171356,673808.817688,867782.967773,193974.15008499997,11113992.555988666
17,2025.478424,3130912.135376,3229.818604,0.0,0.0,783554.375,18323.870581,675029.203186,786784.193604,111754.99041800003,11480011.163045332
18,2041.149958,3222415.611328,0.0,0.0,0.0,783554.375,17949.493622,656826.632996,783554.375,126727.742004,11815523.908202667
19,2076.42318,3278340.110352,870.491364,0.0,0.0,727475.0,17872.02594,612508.282349,728345.491364,115837.20901500003,12020580.404624
20,2114.447639,3338822.418457,2197.419556,0.0,0.0,704565.125,18055.065277,612499.105408,706762.544556,94263.43914800009,12242348.867675666
21,2050.007185,3204211.640625,2350.730988,0.0,0.0,689886.375,17184.003677,563815.317261,692237.105988,128421.788727,11748776.015625
22,2030.183121,3153212.869141,2128.362061,0.0,0.0,446845.875,17005.127014,555412.107605,448974.237061,-106437.870544,11561780.520183666
23,2046.13887,3229531.707031,2440.071777,0.0,0.0,217632.546875,17037.798401,501885.148926,220072.618652,-281812.530274,11841616.259113666
24,1927.500893,3046489.589844,1712.142578,0.0,0.0,809768.3125,16329.453613,528049.69751,811480.455078,283430.757568,11170461.829428
25,1929.29583,3023282.458008,721.862045,0.0,0.0,902583.9375,16218.05603,546872.577759,903305.799545,356433.22178599995,11085369.012696
26,1155.130173,1748339.396973,0.0,0.0,0.0,-356567.5,9725.160034,348826.926758,-356567.5,-705394.4267579999,6410577.788900999
148,1927.989889,2944355.085938,789.058716,0.0,0.0,-248611.46875,15928.627991,481253.476807,-247822.410034,-729075.886841,10795968.648439333
149,1855.637865,2862327.373047,9.15346,0.0,0.0,0.0,15048.369949,503730.234314,9.15346,-503721.080854,10495200.367839
150,1861.12427,2605369.720703,1728.676971,0.0,0.0,181218.589844,15815.425011,488430.460083,182947.266815,-305483.19326800003,9553022.309244333
151,1823.091635,2454489.50293,2401.388443,0.0,0.0,248958.108398,15433.726414,542468.226807,251359.49684100001,-291108.72996599996,8999794.844076667
152,1917.749428,2654000.027344,7716.914185,0.0,0.0,86688.84375,16295.274506,533989.647339,94405.757935,-439583.889404,9731333.433594666
153,2021.549957,2906547.767578,5479.385345,0.0,0.0,549114.421875,17010.95694,553446.545837,554593.80722,1147.2613829999464,10657341.814452667
154,2200.866383,3155233.220703,5513.449982,0.0,0.0,377161.945312,19261.333374,554091.770203,382675.395294,-171416.37490900006,11569188.475911
155,2336.598022,3314301.388672,5711.906849,0.0,0.0,,21238.861694,732222.777222,,,12152438.425130665
156,2288.987011,3265034.533203,6864.544678,0.0,0.0,-1207546.523438,20558.698273,683548.70166,-1200681.9787599999,-1884230.6804199999,11971793.288411
157,2223.552673,3224758.691406,7688.026001,0.0,0.0,-1211245.867188,20858.71048,619153.721191,-1203557.8411869998,-1822711.5623779998,11824115.201822
158,2206.288734,3293986.808594,10076.490845,0.0,0.0,-72637.175781,20932.003876,641628.972168,-62560.684936,-704189.657104,12077951.631511332
159,2081.364982,3246255.403198,5167.330338,0.0,0.0,-10162.847656,17397.550198,655060.877197,-4995.517318,-660056.3945149999,11902936.478392666
160,2052.151848,3068327.332031,4787.974976,0.0,0.0,250824.600098,16452.824524,785697.473633,255612.575074,-530084.8985590001,11250533.550780334
161,2046.141327,2992213.195312,4616.145264,0.0,0.0,810659.0,16245.791565,747283.066895,815275.145264,67992.078369,10971448.382810665
162,2031.95594,2928626.611328,4125.343506,0.0,0.0,754829.609375,17209.390137,747153.03479,758954.952881,11801.918091000058,10738297.574869333
163,2118.507019,3126120.902344,3755.631042,0.0,0.0,754032.464844,18881.861633,708892.368774,757788.095886,48895.72711199999,11462443.308594666
164,2141.511665,3219463.058594,3254.616104,0.0,0.0,705228.75,19987.618164,672417.773438,708483.366104,36065.59266600001,11804697.881511332
165,2111.239792,3235372.878906,2620.565125,0.0,0.0,732614.085938,19384.539917,636604.971924,735234.651063,98629.67913900001,11863033.889322
166,2114.414449,3227060.988281,3501.535797,0.0,0.0,612913.251953,18890.615997,607521.520691,616414.78775,8893.267058999976,11832556.957030332
167,2169.657127,3254453.843262,5230.930298,0.0,0.0,,17399.263,562609.790527,,,11932997.425293999
168,2140.201315,3134677.18634,3855.359253,0.0,0.0,299639.992188,16965.680725,493354.97876,303495.351441,-189859.62731900002,11493816.349913333
169,2116.381901,3179102.648438,3446.113403,0.0,0.0,105042.632812,17205.059326,514009.620239,108488.74621499999,-405520.874024,11656709.710939333
170,2093.801003,3268483.660156,2939.791016,0.0,0.0,150459.484375,18079.107666,470919.887939,153399.275391,-317520.61254799995,11984440.087238666
171,1976.490417,3036933.857422,2929.528564,0.0,0.0,570578.914062,17473.291443,565718.666626,573508.442626,7789.776000000071,11135424.143880665
172,1963.370316,2899547.251953,1801.067627,0.0,0.0,12923.15625,17059.973083,592425.044495,14724.223877,-577700.820618,10631673.257161
173,1172.748821,1699504.271484,1055.573975,0.0,0.0,-1128490.4375,9741.138214,323251.222229,-1127434.863525,-1450686.0857539999,6231515.662107999
295,2012.738212,3009004.976562,935.253235,0.0,0.0,-64350.585938,15424.689972,472029.447754,-63415.332703,-535444.780457,11033018.247394
296,1986.929432,2856982.621094,0.0,0.0,0.0,0.0,15201.113342,491557.435547,0.0,-491557.435547,10475602.944011332
297,1924.627527,2625402.036133,3969.221985,0.0,0.0,598198.515625,15295.094238,415503.765991,602167.73761,186663.97161899996,9626474.132487668
298,1913.728441,2664237.886719,10141.74646,0.0,0.0,575354.84375,15132.833658,446482.14032,585496.59021,139014.44989000005,9768872.251303
299,1954.740287,2774684.033691,10598.421204,0.0,0.0,499057.148438,15928.449066,558277.784424,509655.569642,-48622.21478199994,10173841.456867
300,1994.775179,2674333.924316,13691.187561,0.0,0.0,294450.640625,17601.021755,563740.344055,308141.828186,-255598.515869,9805891.055825334
301,2108.24023,2840269.643066,12137.839676,0.0,0.0,1522316.335938,19358.84301,599494.81665,1534454.1756139998,934959.3589639998,10414322.024575334
302,2165.970124,2933919.034668,11249.596176,0.0,0.0,639682.375,21033.103241,758812.253174,650931.971176,-107880.28199799999,10757703.127116
303,2131.048557,2998474.555664,8857.498047,0.0,0.0,-1292386.0625,19624.614616,847543.071289,-1283528.564453,-2131071.635742,10994406.704101333
304,2172.958595,3228262.152344,8233.825562,0.0,0.0,-1169263.796875,19348.222504,702276.53186,-1161029.971313,-1863306.503173,11836961.225261332
305,2231.979053,3345920.955078,7616.973022,0.0,0.0,-305372.78125,19308.403137,756933.950012,-297755.808228,-1054689.75824,12268376.835286
306,2254.473709,3471288.144531,6699.915283,79981.234375,188471.03125,-174499.34375,18646.380981,720488.189941,-87818.194092,-808306.384033,12724287.109322
307,2114.649229,3249484.910156,6764.90597,0.0,0.0,,17264.784859,742369.920105,,,11914778.003905332
308,2077.128556,3221248.680298,6766.945557,0.0,0.0,20154.853516,16541.670914,688826.783936,26921.799073,-661904.984863,11811245.161092667
309,2086.231277,3254428.617188,6879.22876,0.0,0.0,21551.367188,17161.037231,765890.744873,28430.595948000002,-737460.148925,11932904.929689333
310,2126.824451,3355691.777344,6090.668945,0.0,0.0,0.0,17953.254028,767088.647034,6090.668945,-760997.978089,12304203.183594666
311,2176.900856,3437698.617188,6502.539551,0.0,0.0,0.0,19566.557251,739741.116638,6502.539551,-733238.577087,12604894.929689333
312,2161.417763,3354492.460938,6116.681152,19972.867188,47117.546875,508945.0625,19030.949463,733090.199219,535034.61084,-198055.58837899996,12298863.3391685
313,2173.475021,3307616.700195,7131.165039,23967.503906,56541.207031,317147.625,18980.15274,664466.668213,348246.293945,-316220.3742680001,12126797.07657438
314,2204.568588,3236771.040039,9428.978271,0.0,0.0,-1873026.826172,17378.612183,649808.200195,-1863597.847901,-2513406.048096,11868160.480143
315,2207.435493,3208311.333984,9847.794434,0.0,0.0,-1341313.725586,16823.588989,667973.07666,-1331465.9311519999,-1999439.0078119999,11763808.224608
316,2220.96019,3191468.90332,6430.064453,0.0,0.0,,17034.8638,619613.015625,,,11702052.645506667
317,2155.73048,3178215.719727,3225.89624,0.0,0.0,965953.0,17735.078064,598589.082092,969178.89624,370589.814148,11653457.638999
318,2070.0012,3061969.023438,3289.327393,0.0,0.0,361067.484375,17528.506897,557834.688965,364356.811768,-193477.87719699997,11227219.752606
319,2042.576004,3011910.060547,3108.179932,0.0,0.0,-1731305.5,17119.947815,618567.41156,-1728197.320068,-2346764.731628,11043670.222005665
320,1237.471992,1860371.464844,1580.197021,0.0,0.0,-611323.75,9618.467438,348741.119873,-609743.552979,-958484.672852,6821362.037761333
442,2068.032425,2980391.304901,8.917086,0.0,0.0,,16080.031067,484173.307129,,,10928101.451303666
443,2075.924377,2992193.125183,1115.121582,0.0,0.0,,16305.895935,524268.077148,,,10971374.792337667
444,2000.768044,2840083.698364,4719.001495,0.0,0.0,414186.275391,15817.028152,482955.744629,418905.27688599995,-64050.467743000074,10413640.227334665
445,1961.266426,2642838.5625,9444.177338,0.0,0.0,704458.070312,15909.208069,530909.065186,713902.24765,182993.18246400007,9690408.0625
446,1989.369256,2648503.558594,8799.019363,0.0,0.0,695702.015625,16332.69455,545363.985046,704501.034988,159137.04994200007,9711179.714844666
447,2087.624118,2819838.02803,10294.933563,0.0,0.0,-236371.546875,17316.8685,561857.778564,-226076.613312,-787934.391876,10339406.102776667
448,2178.83893,2982575.290527,6848.334473,0.0,0.0,,18969.640617,574464.414429,,,10936109.398599
449,2148.294983,2986214.058594,5122.794495,0.0,0.0,,19285.985199,669957.660034,,,10949451.548178
450,2179.488941,3137946.890625,8673.633026,0.0,0.0,169174.845703,20143.846992,776992.246765,177848.478729,-599143.7680360001,11505805.265625
451,2199.226631,3304021.70256,8386.368752,0.0,0.0,-387007.892822,19684.135473,680470.083679,-378621.52407000004,-1059091.6077490002,12114746.24272
452,2246.737328,3301635.375,8779.782776,0.0,0.0,-205600.642578,19549.328125,707831.288208,-196820.859802,-904652.14801,12105996.375
453,2250.968704,3515643.257812,8542.268433,51989.695312,122510.664062,385103.289062,18945.438049,630022.540039,445635.252807,-184387.28723199997,12888241.732029425
454,2156.20611,3317665.866211,8529.85939,0.0,0.0,320848.53125,19484.977507,613564.488953,329378.39064,-284186.09831300005,12164774.842773667
455,2133.772247,3252325.113281,8425.123444,0.0,0.0,233095.4375,21009.959473,623790.507629,241520.560944,-382269.946685,11925192.082030332
456,2076.832816,3248581.922363,6761.203886,0.0,0.0,549553.6875,18858.428223,571429.573975,556314.891386,-15114.682588999975,11911467.048664333
457,2074.945961,3286403.539062,5898.537354,0.0,0.0,217842.71875,18650.147156,550839.782227,223741.256104,-327098.52612299996,12050146.309894
458,2122.761929,3355011.054688,6468.642822,0.0,0.0,28198.824219,19673.110809,630960.04541,34667.467040999996,-596292.578369,12301707.200522667
459,2167.5923,3379319.03125,5201.960815,0.0,0.0,531960.457031,20038.926636,719185.498962,537162.417846,-182023.08111599996,12390836.447916666
460,2176.736294,3241233.054688,6012.76651,0.0,0.0,526662.353516,20493.309814,658929.658752,532675.120026,-126254.538726,11884521.200522667
461,2197.056969,3092311.291016,8840.269409,0.0,0.0,-1478878.335938,19961.406738,616393.368713,-1470038.066529,-2086431.435242,11338474.733725332
462,2206.121422,3111808.495117,9119.339966,0.0,0.0,-1030285.603516,19454.246399,668519.592651,-1021166.26355,-1689685.856201,11409964.482095666
463,2197.251419,3179234.771484,7336.066467,0.0,0.0,-1938945.206421,19660.832703,738022.765381,-1931609.139954,-2669631.905335,11657194.162108
464,2132.215771,3143248.958496,4177.903198,0.0,0.0,1024295.914062,19899.169355,679722.406738,1028473.81726,348751.41052200005,11525246.181152001
465,2161.978821,3184326.857422,4403.624634,0.0,0.0,,19694.937134,687079.068604,,,11675865.143880665
466,2138.377808,3207074.112305,3033.552734,0.0,0.0,,18582.927246,626409.854004,,,11759271.745118333
467,1264.083064,1922178.027344,394.207581,0.0,0.0,,9817.327301,313490.96875,,,7047986.100261333
589,2129.372158,3063239.548828,1159.907745,0.0,0.0,722320.583008,16924.972443,547841.235046,723480.490753,175639.25570700003,11231878.345702667
590,2142.629921,2994805.994141,3358.688965,0.0,0.0,925625.380859,17332.775635,691276.480408,928984.069824,237707.58941600006,10980955.311850332
591,2096.314943,2904394.080078,2824.740906,0.0,0.0,2166806.652344,17032.336807,683293.916992,2169631.39325,1486337.4762580004,10649444.960286
592,2014.839968,2719670.049316,5489.82312,0.0,0.0,2053798.271484,17302.172302,553823.189453,2059288.094604,1505464.905151,9972123.514158666
593,1946.044484,2675645.745361,6870.49292,0.0,0.0,1469578.025391,17449.461369,462219.674561,1476448.5183110002,1014228.8437500002,9810701.066323666
594,2073.58508,2883511.669212,5984.906982,0.0,0.0,,17884.123098,502938.454346,,,10572876.120444
595,2197.461216,3094660.998535,3886.891296,0.0,0.0,,18673.377045,589212.687683,,,11347090.327961665
596,2246.662611,3191018.779297,3429.072388,0.0,0.0,,18444.058502,686919.24353,,,11700402.190755665
597,2285.987019,3313777.594727,10666.108887,0.0,0.0,540395.589844,20934.003754,696731.883789,551061.698731,-145670.18505800003,12150517.847332334
598,2356.878544,3510739.302246,11594.200928,0.0,0.0,,20755.836029,669926.533691,,,12872710.774902
599,2325.036631,3438194.46875,11995.438232,0.0,0.0,,20421.369568,698637.439453,,,12606713.052083332
600,2287.705195,3551773.953613,10515.635742,0.0,0.0,,19148.721161,679150.283203,,,13023171.163247665
601,2184.306151,3328073.483398,13423.547806,0.0,0.0,726388.8125,19840.989594,600796.998535,739812.360306,139015.36177099997,12202936.105792666
602,2167.181734,3327836.55957,10229.095947,0.0,0.0,646539.942383,22745.519287,614535.9776,656769.03833,42233.06073000003,12202067.385089999
603,2138.274949,3308171.001953,6438.44944,0.0,0.0,502391.03125,21662.83844,661372.624817,508829.48069,-152543.144127,12129960.340494333
604,2074.769394,3234857.683594,6467.736816,0.0,0.0,642275.75,20100.455566,607372.279297,648743.486816,41371.20751899993,11861144.839844666
605,2099.612202,3280379.190308,6278.662354,0.0,0.0,129120.46875,20027.503746,554908.038086,135399.131104,-419508.906982,12028057.031129332
606,2177.765656,3429682.304688,3509.412598,7991.363281,18849.201172,417561.851562,21617.109802,617203.092896,429062.627441,-188140.465455,12575124.79983256
607,2174.365631,3267728.283203,5249.51178,0.0,0.0,704685.566406,22128.958191,607407.583252,709935.078186,102527.49493399996,11981670.371744333
608,2103.019434,2965628.678711,9207.491699,0.0,0.0,-259413.53125,21718.845284,629857.113098,-250206.039551,-880063.1526489999,10873971.821940333
609,2127.508253,3057551.741211,8080.086182,0.0,0.0,156718.28125,21169.242363,662010.510864,164798.367432,-497212.14343199995,11211023.051106999
610,2129.266936,3129868.48877,7796.436768,0.0,0.0,213172.867188,21461.272011,740964.552429,220969.30395600002,-519995.248473,11476184.458823334
611,2068.782041,3042858.816406,5707.828369,0.0,0.0,1349867.070312,21545.233826,705162.492188,1355574.898681,650412.4064930001,11157148.993488666
612,2085.956667,3084565.803711,6056.833496,0.0,0.0,1102390.910156,21005.364784,721531.574219,1108447.7436519999,386916.1694329999,11310074.613606999
613,2114.45779,3180260.158203,4011.429932,0.0,0.0,943991.57666,19345.329895,688248.828491,948003.006592,259754.17810100003,11660953.913411
614,1299.418208,1889600.956909,190.098373,0.0,0.0,537540.992188,9790.414987,386328.71936,537731.090561,151402.37120100006,6928536.841999666
736,2095.148869,2883224.504883,2414.704956,0.0,0.0,1914534.328125,16734.783112,634768.846802,1916949.033081,1282180.186279,10571823.184571
737,2111.028191,2892100.9375,5705.890381,0.0,0.0,1644659.617188,17171.069733,600795.885742,1650365.507569,1049569.6218269998,10604370.104166666
738,2143.019627,3049958.734375,5723.866455,0.0,0.0,1558193.078125,17740.719421,550896.424805,1563916.94458,1013020.5197749999,11183182.026041666
739,2091.887135,2879922.986328,5643.210938,0.0,0.0,1613444.777344,17763.626709,514342.413086,1619087.988282,1104745.5751959998,10559717.616536
740,2035.555015,2831157.630859,6027.921875,0.0,0.0,1757527.5625,18291.997177,508420.384033,1763555.484375,1255135.100342,10380911.313149666
741,2223.231747,3091604.65625,3012.957764,0.0,0.0,,18957.732056,672509.188721,,,11335883.739583332
742,2185.923579,3068517.828125,3005.937988,0.0,0.0,,18103.672071,608161.098999,,,11251232.036458332
743,2178.092079,3102681.950195,2606.894287,0.0,0.0,,18297.711197,636094.746826,,,11376500.484048333
744,2290.945227,3294842.666016,4835.65802,0.0,0.0,,20274.354736,679763.27478,,,12081089.775392
745,2370.067781,3500122.824219,3491.044739,0.0,0.0,,19744.618805,710133.493652,,,12833783.688803
746,2390.108551,3582376.397461,4579.275879,0.0,0.0,,19672.204163,711265.416504,,,13135380.124023667
747,2429.58168,3696893.09668,8169.264648,0.0,0.0,,19355.305573,705042.30957,,,13555274.687826665
748,2310.663452,3508067.268555,7482.283203,0.0,0.0,,19119.178665,654710.757202,,,12862913.318035
749,2280.111023,3463303.884766,7811.610718,0.0,0.0,1186673.547363,21549.928711,634619.681824,1194485.158081,559865.476257,12698780.910808666
750,2254.449222,3417025.426758,3632.270203,0.0,0.0,971357.765625,21203.727081,597591.562866,974990.035828,377398.47296200006,12529093.231446
751,2157.126898,3298186.820557,3529.378174,14210.083008,33393.148438,540215.585938,20324.589355,575822.80481,557955.04712,-17867.75769,12092683.812406907
752,2131.483982,3304892.811523,3631.382324,0.0,0.0,656241.125,20151.632599,617618.432861,659872.507324,42254.074463000055,12117940.308917666
753,2201.522692,3363729.239258,3650.44751,0.0,0.0,917612.65625,21968.266296,617250.088745,921263.10376,304013.015015,12333673.877279334
754,2105.46956,3045196.893311,3868.136261,35956.035156,84823.085938,1723396.265625,21647.947144,608728.416321,1763220.437042,1154492.0207210002,11164025.480421573
755,2019.371341,2757731.62793,3972.723846,7990.210449,18849.527344,2681468.320312,20500.849419,589831.946899,2693431.254607,2103599.307708,10111305.645196453
756,2060.895007,3020226.040039,4639.8573,11986.892578,28275.203125,1426256.695312,20125.032234,649323.859436,1442883.44519,793559.5857540001,11073596.642747167
757,2068.200394,3096027.03418,4846.216125,23973.785156,56550.402344,1180752.1875,20470.125732,703326.221191,1209572.188781,506245.96759,11350968.117279787
758,2061.172813,3056200.751953,2748.182322,91885.835938,216776.15625,1712831.625,21204.737488,677154.655029,1807465.64326,1130310.988231,11201733.900702666
759,2054.612831,3017858.526367,4091.505981,39947.371094,94249.734375,1883555.125,20782.234985,668082.572876,1927594.002075,1259511.429199,11063596.268658167
760,2060.099533,3038919.567383,4855.974365,35958.890625,84825.609375,1398581.1875,18932.973389,696061.078125,1439396.05249,743334.9743649999,11141008.568216834
761,1257.796249,1803192.509521,1742.773071,0.0,0.0,902287.738281,9708.125336,402690.671143,904030.5113520001,501339.84020900005,6611705.868243666
883,2037.073459,2951751.29126,3063.567139,0.0,0.0,1348332.671875,18697.296638,548594.945129,1351396.239014,802801.2938849999,10823088.067953333
884,2105.587245,3046110.955078,4297.302124,0.0,0.0,1379273.880859,19466.856606,488519.358398,1383571.1829829998,895051.8245849998,11169073.501952667
885,2160.371189,3099460.76123,5792.837891,0.0,0.0,1063094.991211,18203.175934,514550.632996,1068887.829102,554337.196106,11364689.457843332
886,2082.431061,2855925.240234,6194.437012,0.0,0.0,1356777.441406,17773.771545,466484.59668,1362971.878418,896487.281738,10471725.880858
887,2134.857304,2834818.814453,5547.759766,0.0,0.0,2258074.683594,19707.485657,514377.312622,2263622.44336,1749245.130738,10394335.652994333
888,2202.733343,3061887.882568,1153.096802,0.0,0.0,,21712.320133,563152.80835,,,11226922.236082666
889,2194.666412,3031101.461914,413.729797,0.0,0.0,,21269.750916,577216.009094,,,11114038.693684667
890,2195.596966,2989777.851074,683.348022,0.0,0.0,,20653.841652,681599.884277,,,10962518.787271332
891,2331.44743,3219302.641602,2565.799438,4700.348633,11108.376953,,21008.818787,584308.794617,,,11803887.51833494
892,2431.147743,3549312.543945,1935.91925,0.0,0.0,,20696.127319,634149.546265,,,13014145.994464999
893,2450.265617,3677966.539062,1861.18251,0.0,0.0,2259819.691406,21203.927826,662746.936523,2261680.873916,1598933.9373930001,13485877.309894
894,2429.552795,3641813.355957,1779.12793,0.0,0.0,2340062.625,20561.672974,595165.931885,2341841.75293,1746675.821045,13353315.638509
895,2328.800222,3450508.983398,2108.802246,0.0,0.0,2417508.890625,20374.138443,668145.346924,2419617.692871,1751472.3459470002,12651866.272459332
896,2321.57589,3425410.151855,2037.448975,0.0,0.0,2445752.6875,21847.206543,654042.488892,2447790.136475,1793747.647583,12559837.223468332
897,2312.333969,3378861.015625,394.49683,0.0,0.0,2466700.75,21611.986023,637696.256226,2467095.24683,1829398.9906040002,12389157.057291666
898,2234.647823,3202423.074707,665.513062,0.0,0.0,2542529.601562,21151.546509,704536.816406,2543195.1146239997,1838658.2982179997,11742217.940592334
899,2210.567894,3236005.293457,1509.415771,0.0,0.0,2037136.265625,20666.728455,693036.769531,2038645.681396,1345608.9118650001,11865352.742675666
900,2199.337944,3197416.108398,1135.206665,0.0,0.0,1879196.942383,20708.390129,701585.428467,1880332.1490479999,1178746.7205809997,11723859.064125998
901,2083.3931,2962582.753418,905.573792,0.0,0.0,2410390.71875,20591.141212,592848.09137,2411296.292542,1818448.2011719998,10862803.429199332
902,2080.775238,2768782.782227,987.910706,0.0,0.0,3098629.8125,21033.054871,638450.03125,3099617.723206,2461167.691956,10152203.534832334
903,2072.472992,2920967.510742,3038.350952,0.0,0.0,2348114.328125,21104.219269,580714.922119,2351152.679077,1770437.756958,10710214.206053998
904,2082.043379,3095433.524902,3734.110901,59936.714844,141381.296875,1617022.953125,21330.939026,576978.31543,1680693.77887,1103715.46344,11347095.298703168
905,2079.395488,3163224.980225,3472.558208,99894.882812,235636.375,1290179.914062,21564.577478,621312.720459,1393547.3550820001,772234.6346230002,11593778.866658334
906,2059.582832,3044261.412109,3316.609535,103885.007812,245060.625,1822742.359375,21077.756409,653563.116516,1929943.976722,1276380.860206,11157390.631899666
907,2054.059212,2986700.319336,2787.053535,95894.195312,226210.609375,1905667.6875,19883.068481,591564.31311,2004348.936347,1412784.623237,10946710.292044498
908,1227.789787,1771329.755859,1733.672729,0.0,0.0,1021091.515625,10980.13443,340742.003845,1022825.188354,682083.184509,6494875.771482999
1030,2045.998529,2892902.320801,1684.578457,0.0,0.0,1982211.703125,20648.805214,563675.829956,1983896.281582,1420220.451626,10607308.509603666
1031,2150.087395,3023061.06665,3629.299561,0.0,0.0,2023150.734863,22022.892395,624387.926758,2026780.034424,1402392.1076659998,11084557.244383333
1032,2196.989788,3105178.607422,4057.562164,0.0,0.0,1684916.072266,18646.952454,597182.597534,1688973.63443,1091791.0368960002,11385654.893880665
1033,2115.462166,2855803.199219,3069.175903,0.0,0.0,2333569.78125,17813.913513,612270.047485,2336638.957153,1724368.909668,10471278.397136332
1034,2132.292536,2793909.893555,2988.265869,0.0,0.0,2573297.550781,18870.732788,633462.213379,2576285.81665,1942823.603271,10244336.276368333
1035,2167.317162,3000383.164551,128.627686,0.0,0.0,3038976.976562,22843.475342,593390.634216,3039105.604248,2445714.970032,11001404.936687
1036,2207.478477,3062621.429688,330.435242,0.0,0.0,2968608.350586,23555.486633,592273.819519,2968938.785828,2376664.966309,11229611.908856
1037,2201.939545,3046105.935547,330.353333,0.0,0.0,3100833.75,22948.438721,558874.665649,3101164.103333,2542289.437684,11169055.097005665
1038,2318.522099,3175394.142578,0.0,0.0,0.0,,20788.72052,567224.672974,,,11643111.856119333
1039,2437.953163,3565300.59375,261.164795,0.0,0.0,2500886.570312,21416.620972,596470.498535,2501147.735107,1904677.236572,13072768.84375
1040,2451.603729,3660326.376953,198.489685,0.0,0.0,2356735.095703,22687.445679,658533.143433,2356933.585388,1698400.4419550002,13421196.715494333
1041,2458.245789,3719351.917969,0.0,0.0,0.0,2257696.1875,22262.316528,573397.585449,2257696.1875,1684298.602051,13637623.699219666
1042,2408.152035,3617446.168945,0.0,0.0,0.0,2173112.644531,22248.753876,583120.700439,2173112.644531,1589991.944092,13263969.286131667
1043,2359.697044,3550752.542969,0.0,0.0,0.0,2111659.689453,22247.383911,615261.343018,2111659.689453,1496398.3464350002,13019425.990886332
1044,2333.422012,3451160.135742,147.581802,0.0,0.0,2520246.564453,21993.04657,622034.603577,2520394.146255,1898359.542678,12654253.831053998
1045,2294.819218,3288788.775391,0.0,0.0,0.0,2707414.515625,21957.571716,709428.534546,2707414.515625,1997985.981079,12058892.176433666
1046,2217.771049,3168036.167679,0.0,0.0,0.0,3216428.265625,20910.649389,718580.425049,3216428.265625,2497847.840576,11616132.614823
1047,2234.246796,3194544.295898,0.0,0.0,0.0,2714027.96875,20529.831131,665647.966919,2714027.96875,2048380.001831,11713329.084959332
1048,2093.66904,2944897.21582,0.0,0.0,0.0,,20239.032745,648026.041199,,,10797956.458006667
1049,2145.913197,2899324.410156,657.098816,0.0,0.0,2778868.488281,21323.741974,640295.026245,2779525.587097,2139230.560852,10630856.170572
1050,2137.081448,2943985.408203,6007.363659,0.0,0.0,2307052.828125,21992.768707,616637.622437,2313060.191784,1696422.569347,10794613.163411
1051,2135.724594,3112515.494141,6992.277802,0.0,0.0,1728911.125,22340.191467,673092.010742,1735903.402802,1062811.39206,11412556.811850332
1052,2142.269066,3126791.662109,6508.617905,7991.773926,18851.341797,1754580.25,22573.965332,635945.340454,1769080.641831,1133135.301377,11464525.734230394
1053,2112.185303,3075530.73584,6374.558182,51944.824219,122535.78125,1538605.21875,21511.643188,599485.369751,1596924.601151,997439.2314,11274495.315788334
1054,2102.547184,2951554.604492,4478.375824,19198.478516,45259.316406,1779729.5625,20895.925354,611079.95697,1803406.41684,1192326.45987,10821461.696809212
1055,1261.148767,1744712.943604,2404.653564,0.0,0.0,1127408.71875,12301.755066,358957.776367,1129813.372314,770855.595947,6397280.793214666
1177,2091.5695,2908387.312012,5943.713928,14435.668945,33965.335938,1941959.15625,20943.120071,633553.682129,1962338.539123,1328784.8569940003,10663407.503991907
1178,2127.736797,2927243.065918,3996.607819,0.0,0.0,2507726.3125,21769.63855,688858.553467,2511722.920319,1822864.366852,10733224.575032666
1179,2194.157303,2995341.987305,3112.451874,0.0,0.0,2256150.992188,18932.90036,678481.36084,2259263.444062,1580782.0832220002,10982920.620118333
1180,2074.81178,2767972.867676,574.280777,0.0,0.0,2802628.601562,17278.546509,689340.272888,2803202.882339,2113862.6094509996,10149233.848145334
1181,2083.842804,2732555.490234,0.0,0.0,0.0,2921781.835938,17753.529633,668006.921631,2921781.835938,2253774.914307,10019370.130858
1182,2143.577883,2983287.875977,1565.495838,0.0,0.0,3089302.1875,21974.723877,602435.551392,3090867.683338,2488432.131946,10938722.211915666
1183,2214.434082,3123696.974609,2587.198975,0.0,0.0,2769535.59375,23231.185852,575178.888306,2772122.792725,2196943.9044190003,11453555.573566334
1184,2210.894936,3142682.79541,2517.295898,0.0,0.0,2681868.375,22595.199585,559486.753906,2684385.670898,2124898.916992,11523170.249836665
1185,2320.942245,3354120.426758,1909.974365,0.0,0.0,,19914.007347,576302.902344,,,12298441.564779334
1186,2374.472376,3488507.717773,2990.954102,0.0,0.0,2000397.128906,21042.997986,487717.304199,2003388.083008,1515670.7788089998,12791194.965167666
1187,2392.177631,3474601.06543,2667.539795,0.0,0.0,2334198.40918,23251.358215,535764.468262,2336865.948975,1801101.480713,12740203.906576665
1188,2453.981972,3685636.680664,71.889633,0.0,0.0,2291665.75,22673.260681,532146.283813,2291737.639633,1759591.35582,13514001.162434667
1189,2392.948486,3567146.165527,72.485207,0.0,0.0,2374469.15625,22243.230286,536955.896362,2374541.641457,1837585.7450949997,13079535.940265667
1190,2367.058647,3497918.970215,0.0,0.0,0.0,2230582.543945,22591.397827,584898.78833,2230582.543945,1645683.7556150001,12825702.890788333
1191,2335.101311,3398947.144531,73.509628,0.0,0.0,2661441.0,22385.146667,653526.297974,2661514.509628,2007988.2116540002,12462806.196613666
1192,2325.213577,3366289.347656,0.0,0.0,0.0,,22153.829224,615817.723938,,,12343060.941405332
1193,2282.00935,3312553.334961,0.0,0.0,0.0,2048808.179688,21696.469177,665233.02301,2048808.179688,1383575.156678,12146028.894856999
1194,2268.17832,3307545.377197,0.0,0.0,0.0,2074022.8125,20896.19371,589087.759766,2074022.8125,1484935.0527340001,12127666.383055666
1195,2195.76143,3179708.818848,115.143555,0.0,0.0,2304910.173828,20714.596054,653566.38208,2305025.317383,1651458.9353030003,11658932.335776
1196,2215.456947,3178107.729004,998.600708,0.0,0.0,1877361.71875,21432.45932,694328.405762,1878360.319458,1184031.913696,11653061.673014665
1197,2243.802513,3198884.730469,4322.884567,0.0,0.0,1852043.25,22499.571289,634337.147949,1856366.134567,1222028.986618,11729244.011719666
1198,2182.479038,3172067.034668,3667.399342,0.0,0.0,1730332.09375,22395.210938,706528.958984,1733999.493092,1027470.534108,11630912.460449332
1199,2170.911446,3220925.062988,4408.553284,0.0,0.0,1531940.5625,22523.542358,699765.440552,1536349.115784,836583.675232,11810058.564289333
1200,2160.21244,3174638.556641,8542.388916,0.0,0.0,,21641.588028,624464.343933,,,11640341.374350332
1201,2149.04081,3069384.980469,8157.341797,0.0,0.0,1638255.9375,21032.499268,627486.845276,1646413.279297,1018926.434021,11254411.595053
1202,1277.540405,1808776.389648,4913.139954,0.0,0.0,1077952.1875,12435.9617,397223.078796,1082865.327454,685642.248658,6632180.095376
1324,2146.520004,3035382.9375,5311.315063,0.0,0.0,,21548.583679,646371.250244,,,11129737.4375
1325,2094.771656,2901540.787598,5013.564941,0.0,0.0,1893235.71875,21356.585285,674364.910889,1898249.283691,1223884.372802,10638982.887859333
1326,2179.401539,3103444.269531,3121.887909,0.0,0.0,1650310.59082,20474.038361,699287.526123,1653432.478729,954144.9526060001,11379295.654947
1327,2129.476109,3053359.594727,647.993591,0.0,0.0,1892387.582031,19925.21875,679151.337158,1893035.575622,1213884.2384640002,11195651.847332334
1328,2129.034259,3007195.533447,0.0,0.0,0.0,2261321.861328,19548.410717,619438.285645,2261321.861328,1641883.575683,11026383.622639
1329,2254.075386,3274911.15918,2064.443848,0.0,0.0,2018020.207031,21780.046967,615271.522705,2020084.6508789998,1404813.128174,12008007.58366
1330,2268.391808,3297094.84668,1790.70874,0.0,0.0,1945419.761719,21791.621094,658483.109863,1947210.470459,1288727.360596,12089347.77116
1331,2262.192719,3282053.733543,1262.470497,0.0,0.0,2174657.552734,21771.569403,626276.869873,2175920.023231,1549643.1533580003,12034197.022991
1332,2347.022736,3402645.101562,532.974609,0.0,0.0,2383938.179688,20281.252655,644954.32019,2384471.1542970003,1739516.8341070004,12476365.372394
1333,2340.832504,3411294.499023,2176.683109,0.0,0.0,2054350.28125,20454.427551,539949.480225,2056526.964359,1516577.4841340003,12508079.829750998
1334,2313.933578,3365364.656738,3292.977539,0.0,0.0,2039328.945312,21180.71814,529703.881592,2042621.9228510002,1512918.041259,12339670.408039333
1335,2352.696142,3505108.146484,0.0,0.0,0.0,,21075.890228,546152.080811,,,12852063.203774666
1336,2349.11706,3492905.616699,0.0,0.0,0.0,,21513.942873,518121.677307,,,12807320.594563
1337,2361.092636,3511629.483398,0.0,0.0,0.0,1799278.1875,22007.292664,541738.16803,1799278.1875,1257540.0194700002,12875974.772459332
1338,2323.742928,3397073.555664,1791.183838,0.0,0.0,2195619.0625,21932.014343,658427.150635,2197410.246338,1538983.0957030002,12455936.370768
1339,2325.534546,3417467.024414,2127.974426,0.0,0.0,2083490.144531,21732.429291,647990.32605,2085618.1189569999,1437627.7929069998,12530712.422851333
1340,2306.846657,3291038.99707,2204.095474,0.0,0.0,1244488.15625,21884.293884,666937.926514,1246692.251724,579754.32521,12067142.989256667
1341,2312.98143,3341221.885742,2238.400814,0.0,0.0,1581008.03125,21358.382751,604362.625,1583246.432064,978883.807064,12251146.914387332
1342,2268.732319,3251747.460938,2034.432617,0.0,0.0,1950366.765625,21479.09906,571009.178955,1952401.198242,1381392.019287,11923074.023439333
1343,2183.709053,3180435.150391,4090.759598,0.0,0.0,1707323.972656,20846.948578,509631.751465,1711414.732254,1201782.980789,11661595.551433666
1344,2244.611542,3231533.76709,3997.533184,0.0,0.0,1771227.6875,21838.242737,536991.411499,1775225.220684,1238233.8091850001,11848957.145996667
1345,2215.012329,3207173.552734,3668.342239,0.0,0.0,1671335.75,22069.540833,610574.493408,1675004.092239,1064429.5988309998,11759636.360024666
1346,2180.085556,3286597.703125,3580.161865,0.0,0.0,1463029.0,22151.999451,684696.667297,1466609.161865,781912.494568,12050858.244791666
1347,2189.508034,3279577.384277,1779.945068,0.0,0.0,1418503.6875,21719.210571,658519.684631,1420283.632568,761763.9479369998,12025117.075682333
1348,2188.191971,3227914.381836,1855.357979,0.0,0.0,1596593.90625,21342.261597,624526.89093,1598449.264229,973922.3732990001,11835686.066731999
1349,1304.970081,1895292.751953,1526.438004,0.0,0.0,1029561.484375,12731.35733,354788.661438,1031087.922379,676299.260941,6949406.757161
1471,2253.556931,3278995.929688,3176.243774,0.0,0.0,1036406.84375,22393.373322,625783.469971,1039583.087524,413799.617553,12022985.075522667
1472,2195.693417,3121378.326172,4502.381836,0.0,0.0,1432233.25,22157.712067,747977.863708,1436735.631836,688757.7681279999,11445053.862630665
1473,2186.058712,3191009.489746,1690.491486,0.0,0.0,1030357.609375,22341.369644,677982.640991,1032048.100861,354065.45987,11700368.129068667
1474,2196.888905,3195580.782227,1899.930752,0.0,0.0,1480376.28125,23012.450682,676781.367188,1482276.212002,805494.8448140001,11717129.534832334
1475,2200.037472,3282288.128006,0.0,0.0,0.0,793347.546875,21934.339767,569217.424316,793347.546875,224130.12255900004,12035056.469355334
1476,2276.009048,3414387.513184,2384.087646,0.0,0.0,760006.644531,20872.491486,626909.993896,762390.732177,135480.73828100006,12519420.881674666
1477,2304.191734,3483251.23877,3329.611649,0.0,0.0,754602.210938,20974.536591,667089.32666,757931.822587,90842.49592699995,12771921.208823333
1478,2316.638824,3502039.197327,3294.426765,0.0,0.0,826458.710938,20986.951378,597804.856384,829753.137703,231948.28131899994,12840810.390199
1479,2372.275055,3502245.958984,1612.537598,0.0,0.0,1599207.730469,20586.341064,595135.808167,1600820.268067,1005684.4599,12841568.516274666
1480,2349.206223,3480738.030273,2693.605713,0.0,0.0,1693559.601562,20447.233582,529574.531128,1696253.2072750002,1166678.6761470002,12762706.111000998
1481,2329.1642,3395736.456055,2593.190674,0.0,0.0,1998417.300781,20366.076843,598947.294189,2001010.491455,1402063.1972659999,12451033.672201665
1482,2317.103874,3469323.091309,0.0,0.0,0.0,1518749.175781,19693.013885,524274.837402,1518749.175781,994474.338379,12720851.334799666
1483,2313.830189,3475242.342773,0.0,0.0,0.0,1226053.144531,20274.080322,470741.882324,1226053.144531,755311.2622069999,12742555.256834332
1484,2372.26194,3506158.779297,0.0,0.0,0.0,1509010.5,21491.107903,513846.420044,1509010.5,995164.079956,12855915.524089
1485,2349.204174,3457785.057617,3462.503662,0.0,0.0,1283202.118896,21634.533569,591548.600098,1286664.622558,695116.02246,12678545.211262332
1486,2333.402473,3470312.436035,3739.031738,0.0,0.0,597313.652344,21228.264191,617661.325378,601052.6840819999,-16608.641296000103,12724478.932128333
1487,2302.985535,3341173.397461,4637.385132,0.0,0.0,1295746.399902,21216.851929,600047.969543,1300383.7850340002,700335.8154910002,12250969.124023667
1488,2316.23702,3307487.178711,4205.536827,0.0,0.0,2191588.128906,21109.127808,605044.920593,2195793.665733,1590748.7451399998,12127452.988606999
1489,2258.240503,3249805.452148,4499.879997,0.0,0.0,1826930.025391,21702.874817,491381.588013,1831429.9053880002,1340048.317375,11915953.324542666
1490,2175.937361,3118865.632324,4871.542374,0.0,0.0,1584322.148438,21064.388275,530182.067627,1589193.6908119998,1059011.623185,11435840.651854666
1491,2226.893822,3129915.879883,4601.347107,0.0,0.0,1573949.03125,21713.917023,521095.412292,1578550.378357,1057454.9660649998,11476358.226237668
1492,2215.278419,3139417.683105,4016.956924,2414.926025,13307.585938,1517609.001953,22268.448608,509711.791138,1524040.884902,1014329.093764,11510932.01966624
1493,2197.592458,3316475.481934,3896.627804,3219.922363,17743.5625,1346619.349609,22097.088943,584473.641541,1353735.8997759998,769262.2582349998,12160055.229174666
1494,2222.074889,3410619.263184,318.278748,0.0,0.0,1299761.15625,22005.033661,707773.765869,1300079.434998,592305.669129,12505603.965007998
1495,2229.566406,3367248.666016,701.975189,0.0,0.0,1328722.09375,21846.320038,646329.805664,1329424.068939,683094.2632749999,12346578.442058666
1496,1352.011419,2030740.361328,195.401291,0.0,0.0,821059.09375,13147.399261,351151.319336,821254.495041,470103.17570499994,7446047.991536
1618,2301.979424,3512521.564453,2472.185547,0.0,0.0,584403.775391,22821.69696,608023.719971,586875.960938,-21147.75903299998,12879245.736327667
1619,2239.891533,3380897.839844,4020.642052,0.0,0.0,724107.746094,22303.991913,722371.418945,728128.388146,5756.969200999942,12396625.412761332
1620,2206.699653,3255610.112061,1701.943161,0.0,0.0,842112.8125,22351.078085,681063.465576,843814.755661,162751.290085,11937237.077557
1621,2248.138786,3213884.378662,1240.628662,0.0,0.0,1808789.375,23565.292297,712650.159851,1810030.003662,1097379.843811,11784242.721760666
1622,2221.81157,3220302.936035,60.236008,0.0,0.0,1287683.6875,22160.344269,667705.267334,1287743.923508,620038.6561740001,11807777.432128333
1623,2230.400497,3234114.29248,221.981293,0.0,0.0,411035.296875,20451.556946,670149.975708,411257.278168,-258892.69754000002,11858419.072426666
1624,2302.614906,3467831.248047,1654.847046,0.0,0.0,615976.5625,20899.047974,639788.971741,617631.409546,-22157.562195000006,12715381.242839
1625,2313.417752,3460302.483398,1675.069878,0.0,0.0,765909.669922,20698.280052,589991.999268,767584.7398,177592.74053199997,12687775.772459332
1626,2366.515259,3507397.544434,0.0,0.0,0.0,1255799.960938,20039.531433,649932.561523,1255799.960938,605867.3994149999,12860457.662924666
1627,2342.464569,3429038.911133,0.0,0.0,0.0,1773400.65625,19902.068359,594531.981384,1773400.65625,1178868.674866,12573142.674154334
1628,2329.092545,3354513.106934,0.0,0.0,0.0,2318186.40625,20011.050903,606786.706116,2318186.40625,1711399.700134,12299881.392091332
1629,2341.56765,3447838.153076,0.0,0.0,0.0,1567327.53125,19757.506641,605722.887695,1567327.53125,961604.643555,12642073.227945333
1630,2343.442787,3493310.921875,0.0,0.0,0.0,1215577.53125,20254.290817,588673.944824,1215577.53125,626903.586426,12808806.713541666
1631,2427.712929,3584075.798828,0.0,0.0,0.0,1464999.75,22273.627625,637711.565552,1464999.75,827288.184448,13141611.262369333
1632,2424.4571,3572895.976562,3326.558594,0.0,0.0,1536440.59375,22129.389526,663717.827942,1539767.152344,876049.324402,13100618.580727333
1633,2414.837349,3626392.697266,3703.328583,71305.390625,169698.3125,738815.035156,21692.141327,631012.011841,813823.754364,182811.742523,13293379.257058665
1634,2368.38871,3455651.083984,4312.114914,11850.864258,28283.458984,1551244.570801,21876.235657,656006.750488,1567407.549973,911400.7994850001,12670154.972094987
1635,2382.943626,3468243.783203,4002.587921,0.0,0.0,1965960.891602,21724.44751,640323.217224,1969963.479523,1329640.262299,12716893.871744333
1636,2252.991203,3239436.599609,6076.558716,0.0,0.0,1901962.984375,21265.224854,608523.797241,1908039.543091,1299515.74585,11877934.198566332
1637,2205.997055,3119305.410156,8185.880173,0.0,0.0,1467728.59375,21228.567078,661350.849792,1475914.473923,814563.624131,11437453.170572
1638,2223.413586,3096839.469727,7838.138062,0.0,0.0,1456287.566406,21933.148071,657720.204102,1464125.704468,806405.500366,11355078.055665666
1639,2304.077339,3257109.336914,6888.651016,0.0,0.0,1425730.861328,23696.660461,624056.362366,1432619.512344,808563.149978,11942734.235351333
1640,2332.744812,3444118.823242,6673.792236,0.0,0.0,1310461.691406,23884.201843,677393.571594,1317135.483642,639741.912048,12628435.685220666
1641,2304.291447,3439018.630859,3190.703857,0.0,0.0,1310733.769531,23236.0849,756415.774475,1313924.473388,557508.698913,12609734.979816332
1642,2289.265442,3454762.103516,2385.692871,0.0,0.0,1447595.34375,22701.749695,762339.419189,1449981.036621,687641.6174319999,12667461.046225332
1643,1393.266972,2171709.453125,382.821533,0.0,0.0,468670.609375,13573.324707,433751.391907,469053.430908,35302.039001,7962934.661458333
1765,2285.875694,3499142.470703,2808.832108,0.0,0.0,866835.4375,22075.553345,629976.213867,869644.269608,239668.055741,12830189.059244333
1766,2279.775211,3465801.55249,3393.21225,0.0,0.0,1154386.5625,21961.050421,657924.872314,1157779.77475,499854.90243600006,12707939.025796667
1767,2289.555597,3462845.345703,3741.470734,0.0,0.0,1224565.75,22317.888611,729624.780151,1228307.220734,498682.44058299996,12697099.600911
1768,2275.366829,3240821.022949,412.201508,0.0,0.0,2550711.03125,22505.285767,721198.981445,2551123.232758,1829924.251313,11883010.417479666
1769,2213.143654,3174653.96582,33.132633,0.0,0.0,1539332.84375,21181.112946,692697.787231,1539365.976383,846668.1891519999,11640397.874673333
1770,2193.458961,3157215.880737,0.0,0.0,0.0,1056052.507812,19872.562878,599645.0802,1056052.507812,456407.42761200015,11576458.229369
1771,2236.265717,3274647.349609,170.663696,0.0,0.0,888449.139648,20699.838379,573547.577087,888619.803344,315072.226257,12007040.281899666
1772,2228.490678,3220400.625,0.0,0.0,0.0,1146887.071777,19908.994308,647064.370117,1146887.071777,499822.70166000014,11808135.625
1773,2360.020233,3493180.546875,0.0,0.0,0.0,,19898.57605,651240.836914,,,12808328.671875
1774,2353.280983,3430366.089844,0.0,0.0,0.0,,19891.425659,667726.6521,,,12578008.996094666
1775,2361.064537,3493154.558594,0.0,0.0,0.0,,20005.523682,597117.994751,,,12808233.381511332
1776,2377.842037,3613841.666016,0.0,0.0,0.0,875760.40625,19754.996643,553410.946777,875760.40625,322349.459473,13250752.775392
1777,2381.035072,3633267.083984,0.0,0.0,0.0,963291.25,20331.186951,566780.347778,963291.25,396510.90222199995,13321979.307941332
1778,2378.194252,3631971.240234,0.0,0.0,0.0,1026646.054688,20711.994141,526060.684082,1026646.054688,500585.37060599995,13317227.880858
1779,2401.659164,3588208.306641,1710.922974,0.0,0.0,1246737.9375,21420.471863,692505.68811,1248448.860474,555943.172364,13156763.791017
1780,2454.725754,3689335.623047,1996.503754,0.0,0.0,1135222.330688,21811.192688,691861.886902,1137218.834442,445356.94753999985,13527563.951172331
1781,2437.192093,3629329.275391,2384.338837,0.0,0.0,1178958.5,21980.083496,672449.524658,1181342.838837,508893.3141790001,13307540.676433666
1782,2397.520897,3571532.433594,2189.867615,0.0,0.0,1177185.994019,21548.501709,606304.846863,1179375.8616340002,573071.0147710002,13095618.923178
1783,2281.254786,3340031.404297,4366.535095,0.0,0.0,1145685.1875,20770.35321,713072.102661,1150051.722595,436979.61993399996,12246781.815755665
1784,2261.580856,3343394.367188,6897.138763,0.0,0.0,779381.992188,20731.198364,733760.271484,786279.130951,52518.859467,12259112.679689333
1785,2241.099091,3351557.773438,8672.687805,0.0,0.0,698948.371094,20669.805298,703402.081421,707621.0588989999,4218.977477999986,12289045.169272667
1786,2300.650539,3418714.253906,7755.822113,0.0,0.0,882200.154297,21706.154877,696338.018677,889955.97641,193617.95773300005,12535285.597655332
1787,2343.634666,3466056.913574,6710.55793,0.0,0.0,1159931.92041,22019.91983,692013.80127,1166642.47834,474628.67706999986,12708875.349771332
1788,2364.378723,3516166.949219,5062.42337,0.0,0.0,1052872.054199,22214.333923,704741.35376,1057934.4775689999,353193.1238089999,12892612.147136332
1789,2293.837271,3449494.349609,4878.413254,1718.776855,4308.208008,999546.351562,21792.529282,787380.910645,1006143.541671,218762.6310259999,12648059.784406172
1790,1378.099667,2117381.271484,1621.60553,0.0,0.0,480128.21875,13176.769806,428920.459229,481749.82428,52829.36505100003,7763731.328774666
1912,2292.865028,3513605.666992,3294.65213,0.0,0.0,1115989.21875,21513.665649,639112.507568,1119283.87088,480171.36331200006,12883220.778970666
1913,2316.793976,3487794.480469,2368.097351,0.0,0.0,1537829.5625,22084.398712,686642.774414,1540197.659851,853554.885437,12788579.761719666
1914,2301.389024,3476355.927246,556.228302,0.0,0.0,1288954.5625,21783.43869,695666.149658,1289510.790802,593844.6411440001,12746638.399902
1915,2248.90416,3201866.526367,168.407074,0.0,0.0,2190192.25,21119.176575,645236.958496,2190360.657074,1545123.698578,11740177.263345666
1916,2187.047981,3120648.212891,0.0,0.0,0.0,1512863.8125,19986.636108,594131.982666,1512863.8125,918731.829834,11442376.780600332
1917,2178.305519,3100229.395996,0.0,0.0,0.0,1335199.3125,19515.486511,550526.470825,1335199.3125,784672.841675,11367507.785318667
1918,2169.048073,3075862.310547,0.0,0.0,0.0,1597777.9375,19453.01947,532193.741333,1597777.9375,1065584.196167,11278161.805339
1919,2239.372436,3222557.391602,0.0,0.0,0.0,1461302.375,19745.369003,606330.919434,1461302.375,854971.455566,11816043.769207334
1920,2429.34716,3616894.459961,0.0,0.0,0.0,760205.482422,20491.543762,684823.689453,760205.482422,75381.79296900006,13261946.353190333
1921,2406.893639,3572027.405273,0.0,0.0,0.0,622263.824219,20145.003052,745547.245667,622263.824219,-123283.42144800001,13097433.819334332
1922,2439.038612,3728993.842773,188.206711,0.0,0.0,,20302.607178,647651.147522,,,13672977.423500998
1923,2377.3191,3576213.97168,116.430573,0.0,0.0,770867.148438,19659.200798,623309.598206,770983.579011,147673.98080499994,13112784.562826665
1924,2377.681503,3642291.514648,279.245331,0.0,0.0,,20196.476471,568722.89624,,,13355068.887042666
1925,2375.607063,3601943.758789,27.274458,0.0,0.0,,20568.890076,505387.985962,,,13207127.115559667
1926,2389.311844,3618013.09668,124.146385,0.0,0.0,714668.847656,20906.128052,612314.032349,714792.994041,102478.96169200004,13266048.02116
1927,2458.491127,3695765.358398,549.961067,0.0,0.0,970343.347656,21513.585205,617838.971375,970893.3087230001,353054.33734800015,13551139.647459332
1928,2487.678017,3663506.889648,1163.251678,0.0,0.0,832063.4375,21782.182861,634881.492249,833226.689178,198345.19692899997,13432858.595375998
1929,2408.773052,3537562.424805,693.979126,0.0,0.0,944950.0,21331.547546,661682.295654,945643.979126,283961.68347199995,12971062.224285
1930,2307.001184,3419250.713867,2744.470215,0.0,0.0,627763.262695,20484.053543,707079.421387,630507.73291,-76571.68847699999,12537252.617512332
1931,2278.63015,3489329.299805,5996.091553,0.0,0.0,381240.1875,20306.14209,635376.906067,387236.279053,-248140.62701400003,12794207.432618333
1932,2234.022255,3401623.870117,9573.071533,0.0,0.0,352389.029297,20088.732635,654850.273438,361962.10082999995,-292888.17260800005,12472620.857095666
1933,2247.495655,3370179.717773,8530.557373,0.0,0.0,650432.84375,19760.074123,736364.674072,658963.401123,-77401.272949,12357325.631834332
1934,2322.355873,3385247.190918,6455.595726,0.0,0.0,1218460.9375,20377.656738,699986.531982,1224916.533226,524930.0012439999,12412573.033365998
1935,2358.9216,3512069.974121,6635.856293,0.0,0.0,774621.019043,20885.068542,581376.808044,781256.875336,199880.06729200005,12877589.905110333
1936,2348.443848,3493995.204102,6412.591248,0.0,0.0,747154.808105,21383.84552,657365.226562,753567.399353,96202.17279099999,12811315.748374
1937,1395.032726,2144958.641602,2586.708862,0.0,0.0,511905.832031,12940.114105,370637.171143,514492.540893,143855.36975,7864848.352540667
2059,2375.649303,3611760.34375,2053.440369,1622.963379,8872.390625,1168494.595703,23978.638367,687976.200806,1172170.999451,484194.798645,13242943.812604167
2060,2293.775185,3431799.199219,69.453911,0.0,0.0,1622843.25,22201.007111,689036.798828,1622912.703911,933875.905083,12583263.730469666
2061,2287.177124,3383560.095703,105.475296,0.0,0.0,1498875.375,21600.822845,642123.908081,1498980.850296,856856.942215,12406387.017577667
2062,2256.33004,3213768.327881,335.3349,0.0,0.0,2205066.0625,20983.323303,612353.637634,2205401.3974,1593047.759766,11783817.202230332
2063,2200.815207,3200811.428009,0.0,9488.445312,22272.654297,797877.78125,19692.801853,520162.891602,807366.226562,287203.33496,11735863.116280394
2064,2194.761986,3147512.582031,0.0,0.0,0.0,1228899.75,18196.128021,514654.536133,1228899.75,714245.2138670001,11540879.467447
2065,2182.355659,3111662.649414,0.0,0.0,0.0,1447833.25,18160.858795,547410.5578,1447833.25,900422.6922,11409429.714518
2066,2308.728935,3359243.291992,0.0,0.0,0.0,,19051.603149,666486.985352,,,12317225.403970666
2067,2388.7446,3534882.057129,0.0,0.0,0.0,668752.597656,19737.494019,732705.777466,668752.597656,-63953.17981,12961234.209472999
2068,2432.429516,3623868.907227,334.278992,0.0,0.0,643768.234375,19917.90686,745470.764648,644102.513367,-101368.25128099998,13287519.326499
2069,2421.640575,3680470.180664,1541.497925,0.0,0.0,,20064.113586,692712.222656,,,13495057.329101333
2070,2371.794411,3563653.305664,1567.481812,0.0,0.0,649757.757812,19431.214752,577820.478882,651325.239624,73504.76074200007,13066728.787434667
2071,2362.382141,3540682.223633,1235.934082,0.0,0.0,705336.513672,19910.934235,568759.668701,706572.4477540001,137812.77905300003,12982501.486654334
2072,2343.29081,3365979.883789,61.417973,0.0,0.0,1210215.5,20147.14801,612487.539551,1210276.917973,597789.3784220001,12341926.240559667
2073,2380.188177,3472415.043945,520.486877,0.0,0.0,800083.453125,20641.274658,569876.330933,800603.940002,230727.609069,12732188.494464999
2074,2453.991692,3581043.500977,2094.283875,0.0,0.0,863791.804688,21362.788269,673192.876892,865886.088563,192693.211671,13130492.836915666
2075,2466.684418,3617134.938477,4130.622803,0.0,0.0,600347.835938,21574.771973,692512.974609,604478.458741,-88034.51586799999,13262828.107749
2076,2389.209559,3593437.414307,741.177734,0.0,0.0,778753.648438,21347.722961,706546.516479,779494.826172,72948.30969300005,13175937.185792333
2077,2302.664145,3471569.995117,1590.229477,0.0,0.0,641499.480469,20632.223053,678035.017578,643089.7099459999,-34945.30763200007,12729089.982095666
2078,2290.448845,3584791.352539,3431.000488,0.0,0.0,365835.505859,20441.138489,653668.789795,369266.506347,-284402.283448,13144234.959309667
2079,2259.129578,3474351.334961,6850.209473,0.0,0.0,362976.068359,20261.448944,654967.4505,369826.27783200005,-285141.172668,12739288.228190333
2080,2256.385437,3423501.995117,5432.179688,0.0,0.0,702325.84375,19887.802673,640338.867065,707758.023438,67419.156373,12552840.648762332
2081,2268.894701,3317689.698242,3641.578491,0.0,0.0,1166657.125,19953.482605,674461.124573,1170298.703491,495837.578918,12164862.226887332
2082,2369.484924,3537983.958008,3552.305344,0.0,0.0,904585.293945,21002.873352,679892.422546,908137.599289,228245.17674300005,12972607.846029334
2083,2372.363945,3565450.064453,4020.204346,0.0,0.0,915661.140625,21646.094604,592362.052185,919681.344971,327319.29278599995,13073316.902994333
2084,1433.860191,2186307.777344,3071.636963,0.0,0.0,288361.96875,13452.077911,303828.536804,291433.605713,-12394.931090999977,8016461.850261333
2206,2439.509773,3741394.692383,1691.132019,0.0,0.0,940089.254883,23735.65863,686781.496338,941780.386902,254998.890564,13718447.205404334
2207,2318.950979,3561201.913086,451.193024,0.0,0.0,1506151.3125,21294.177521,693278.015808,1506602.505524,813324.4897159999,13057740.347981999
2208,2291.405022,3388517.801758,447.9953,0.0,0.0,1475855.625,20925.234528,665730.893066,1476303.6203,810572.7272340001,12424565.273112666
2209,2271.79071,3238259.515625,1033.315521,0.0,0.0,1702691.25,20669.38031,641475.635132,1703724.565521,1062248.930389,11873618.223958332
2210,2262.497181,3196959.177734,1167.513702,0.0,0.0,1749716.6875,20094.229767,595986.634033,1750884.201202,1154897.567169,11722183.651691332
2211,2239.542126,3173852.379883,940.803589,0.0,0.0,1477737.0,18515.485504,502440.538391,1478677.803589,976237.2651979999,11637458.726237666
2212,2226.152676,3169272.030273,406.539379,0.0,0.0,1317481.3125,18269.141758,498874.647339,1317887.851879,819013.20454,11620664.111000998
2213,2355.691475,3402736.47998,0.0,9685.206055,22786.390625,1377378.9375,19333.842987,709041.748779,1387064.143555,678022.394776,12476244.698780831
2214,2383.198715,3460880.597656,417.277954,0.0,0.0,510685.986328,19702.084259,702339.551147,511103.264282,-191236.28686500003,12689895.524738666
2215,2409.948013,3481514.5,1213.533142,0.0,0.0,535457.464844,20963.557007,739515.518433,536670.9979859999,-202844.52044700005,12765553.166666666
2216,2358.872007,3453470.372192,1791.597214,0.0,0.0,262418.637695,19884.380653,580335.332214,264210.234909,-316125.09730500006,12662724.698037334
2217,2340.016891,3405672.575195,1834.408035,0.0,0.0,760686.289062,19885.564819,531015.967529,762520.697097,231504.72956799995,12487466.109048333
2218,2351.753395,3484710.858398,1682.596069,0.0,0.0,806231.075195,20436.690308,599109.585999,807913.671264,208804.085265,12777273.147459332
2219,2334.699806,3297302.393555,423.853249,0.0,0.0,1284445.085938,20881.129456,706591.454346,1284868.9391869998,578277.4848409998,12090108.776368333
2220,2370.367382,3387878.974609,389.840515,51470.914062,123328.4375,1380669.71875,20898.778503,578921.531128,1432530.473327,853608.9421989999,12419756.338149667
2221,2454.708405,3632447.3125,1160.9814,0.0,0.0,960080.5625,21385.689575,740543.187683,961241.5439,220698.35621700005,13318973.479166666
2222,2432.73304,3652939.225586,3338.443298,0.0,0.0,591956.207031,21397.598328,842595.849304,595294.6503290001,-247301.19897499995,13394110.493815333
2223,2368.335014,3635175.092773,410.348572,0.0,0.0,25187.847656,21225.119934,801939.475708,25598.196228,-776341.27948,13328975.340167666
2224,2280.034857,3446306.365234,1023.096924,0.0,0.0,-725971.411865,20200.292587,759429.814941,-724948.3149410001,-1484378.129882,12636456.672524666
2225,2286.314552,3571900.414062,1748.930176,51703.765625,123328.78125,153094.484375,19983.855927,671300.52771,206547.180176,-464753.34753400006,13094501.609268999
2226,2266.561226,3438209.726562,4243.597168,0.0,0.0,130952.564453,20318.407227,629423.283813,135196.161621,-494227.1221919999,12606768.997394
2227,2263.985512,3378355.234375,3162.915131,41285.351562,98331.90625,,20361.194763,699265.924194,,,12385335.887916666
2228,2272.425842,3375480.726562,2413.98468,165142.390625,393329.875,687768.6875,20185.250366,721796.408447,855325.062805,133528.65435800003,12368896.066560665
2229,2346.009583,3588527.308594,1697.29541,0.0,0.0,532205.578125,20544.340302,750441.645752,533902.873535,-216538.77221700002,13157933.464844666
2230,2378.392761,3630104.90625,2113.37207,0.0,0.0,739411.71875,21053.605713,593701.897461,741525.09082,147823.19335900003,13310384.65625
2231,1432.444092,2198148.397949,1037.844604,0.0,0.0,517603.90625,12889.566132,359750.841675,518641.750854,158890.909179,8059877.459146333
2353,2321.558693,3596718.19043,818.205383,0.0,0.0,1054801.84375,21786.817871,616743.425903,1055620.049133,438876.6232299999,13187966.698243333
2354,2216.624325,3379471.644531,382.824631,0.0,0.0,1568475.496094,19756.653076,707757.688721,1568858.320725,861100.632004,12391396.029947
2355,2187.834679,3182074.290771,106.019455,0.0,0.0,1559123.875,19706.293373,631724.235535,1559229.894455,927505.6589200001,11667605.732827
2356,2228.127785,3192400.142578,1393.260971,0.0,0.0,1417144.75,19939.073914,602635.891357,1418538.010971,815902.119614,11705467.189452667
2357,2269.833366,3217935.896484,2117.205124,0.0,0.0,1370616.75,20285.423737,634224.215088,1372733.955124,738509.740036,11799098.287108
2358,2290.297035,3234859.477539,1944.574333,0.0,0.0,1376485.4375,19092.346375,621443.769653,1378430.011833,756986.24218,11861151.417643
2359,2308.557456,3272376.071777,1127.502716,0.0,0.0,1143466.6875,18920.180695,539454.961304,1144594.190216,605139.228912,11998712.263182333
2360,2379.794044,3436232.356445,1437.137573,0.0,0.0,1083001.0,19438.183075,647127.514893,1084438.137573,437310.62268000003,12599518.640298333
2361,2378.762688,3481719.800781,1630.874359,0.0,0.0,385904.140625,19733.858429,685935.472595,387535.014984,-298400.45761100005,12766305.936197
2362,2281.259005,3291473.485352,2048.895752,0.0,0.0,415841.414062,19483.943008,617912.400269,417890.309814,-200022.090455,12068736.112957334
2363,2339.80677,3446992.051758,3702.014954,0.0,0.0,220830.429688,19938.402649,518715.59668,224532.44464200002,-294183.152038,12638970.856446
2364,2350.405197,3480041.830078,4095.69635,0.0,0.0,355848.263672,20153.799805,448384.114075,359943.96002199996,-88440.15405300003,12760153.376952667
2365,2351.055145,3422989.151367,1580.265045,0.0,0.0,748170.53125,20772.110168,567443.24054,749750.796295,182307.55575499998,12550960.221678998
2366,2351.451851,3352354.429443,225.260799,0.0,0.0,1123549.421875,21400.846069,710205.904053,1123774.682674,413568.778621,12291966.241291
2367,2397.273457,3466257.318359,0.0,0.0,0.0,1252655.773438,21105.84021,605140.522949,1252655.773438,647515.2504889999,12709610.167316332
2368,2474.886543,3757049.117188,1110.158081,7918.838379,18974.167969,715540.234863,21416.008942,755178.47644,724569.231323,-30609.245116999955,13775467.279663287
2369,2408.504593,3681538.956055,2498.481445,67502.054688,161280.015625,,21494.494202,787884.450439,,,13495750.571889166
2370,2331.929085,3563166.782227,0.0,0.0,0.0,-945331.478516,21133.855774,786746.649963,-945331.478516,-1732078.128479,13064944.868165666
2371,2281.000305,3510848.735352,0.0,0.0,0.0,-438979.783203,19859.60376,651312.372925,-438979.783203,-1090292.156128,12873112.029624
2372,2296.084251,3582479.258789,0.0,43750.324219,104357.46875,-150033.601562,19734.765076,702364.199524,-106283.277343,-808647.4768670001,13133670.132851334
2373,2289.87117,3473461.810547,930.384399,0.0,0.0,-72082.023438,20373.155212,667694.28418,-71151.639039,-738845.923219,12736026.638672331
2374,2300.510376,3484369.345703,726.656067,0.0,0.0,-39114.851562,20609.803528,679869.141235,-38388.195495,-718257.33673,12776020.934244333
2375,2317.339371,3529575.257812,1031.26709,27524.085938,65555.828125,110900.71875,20416.579834,684183.537659,139456.071778,-544727.465881,12940464.828748165
2376,2328.123619,3527489.1875,0.0,0.0,0.0,502038.25,20274.132019,721888.942932,502038.25,-219850.69293200003,12934127.020833332
2377,2323.873726,3553990.609375,194.332619,0.0,0.0,693247.53125,20132.257141,590585.515381,693441.863869,102856.34848799999,13031298.901041666
2378,1392.560432,2153092.769531,682.247955,0.0,0.0,391696.25,12090.22348,363406.238525,392378.497955,28972.259430000035,7894673.488280333
2500,2274.928894,3383146.046875,5286.90918,0.0,0.0,947598.359375,21435.939301,672694.890869,952885.268555,280190.37768599996,12404868.838541666
2501,2177.308546,3141743.875977,2231.733093,0.0,0.0,1409049.648438,19583.665436,672573.371948,1411281.381531,738708.0095829999,11519727.545249
2502,2182.112305,3159002.386719,926.479492,0.0,0.0,1364165.25,19044.125336,647665.553833,1365091.729492,717426.1756590001,11583008.751303
2503,2174.296524,3138528.576233,1553.603882,0.0,0.0,1321829.5625,18658.287384,672553.462524,1323383.166382,650829.7038580001,11507938.112854334
2504,2199.442158,3119452.953613,1030.381828,0.0,0.0,1577106.9375,18747.107666,714438.103394,1578137.319328,863699.2159340001,11437994.163247665
2505,2305.797257,3226396.413086,1955.631092,0.0,0.0,1318777.420654,19544.308899,666412.905945,1320733.051746,654320.1458010001,11830120.181315333
2506,2321.740214,3251441.369995,2281.775154,0.0,0.0,896186.125,19116.299881,515761.229553,898467.900154,382706.670601,11921951.689981665
2507,2391.814842,3497437.706055,2442.834372,0.0,0.0,982140.828125,19711.784637,583291.674744,984583.662497,401291.987753,12823938.255535
2508,2322.018452,3451354.078125,2414.270752,0.0,0.0,240183.964844,19343.361176,649536.820801,242598.235596,-406938.585205,12654964.953125
2509,2268.352554,3311308.814453,2027.557373,0.0,0.0,343877.375,19199.946228,659151.540161,345904.932373,-313246.60778799996,12141465.652994333
2510,2308.000851,3370612.233643,3391.020996,0.0,0.0,179885.03125,19560.69931,544865.789429,183276.052246,-361589.73718299996,12358911.523357667
2511,2368.279755,3510116.873047,4381.548889,0.0,0.0,295379.734375,20276.863586,563750.362366,299761.283264,-263989.07910199993,12870428.534505665
2512,2389.284264,3609667.5,2667.387451,0.0,0.0,520629.013672,21078.013611,633595.992798,523296.40112299996,-110299.59167500003,13235447.5
2513,2375.397476,3514972.96875,32.913979,0.0,0.0,801174.78125,21938.104492,646303.80426,801207.695229,154903.89096899994,12888234.21875
2514,2418.922615,3688782.294922,0.0,0.0,0.0,764568.689453,21113.778564,602615.116028,764568.689453,161953.57342499995,13525535.081380665
2515,2495.251457,3925978.71875,0.0,0.0,0.0,340974.144531,21272.331146,748452.616089,340974.144531,-407478.471558,14395255.302083332
2516,2394.181492,3645685.944336,0.0,0.0,0.0,16709.765625,21255.438965,764279.489136,16709.765625,-747569.723511,13367515.129231999
2517,2285.902511,3467471.319824,0.0,16689.328125,40088.1875,-609594.734375,19976.858154,716292.730286,-592905.40625,-1309198.1365359998,12713259.742271332
2518,2276.01725,3490351.733398,0.0,3337.865479,8017.637695,-249536.624023,19876.720947,586874.833496,-246198.758544,-833073.59204,12797796.003038766
2519,2301.363632,3564855.773438,0.0,0.0,0.0,-64576.398438,19875.021118,600294.625366,-64576.398438,-664871.023804,13071137.835939333
2520,2309.8983,3524661.933594,990.377136,0.0,0.0,-46554.898438,20777.507568,701830.222229,-45564.521301999994,-747394.743531,12923760.423178
2521,2304.520317,3516789.460938,1006.648621,0.0,0.0,-57067.664062,21090.992371,736423.300903,-56061.015441,-792484.316344,12894894.690106
2522,2303.415054,3459161.640625,940.007568,0.0,0.0,483796.8125,20939.775635,706669.619324,484736.820068,-221932.79925599997,12683592.682291666
2523,2330.211075,3583164.875,0.0,0.0,0.0,272560.5,20690.981567,630709.640564,272560.5,-358149.140564,13138271.208333332
2524,2325.103348,3563811.59375,1542.030426,0.0,0.0,360683.984375,20572.185425,597990.361328,362226.014801,-235764.34652699996,13067309.177083332
2525,1378.742954,2058667.287109,2321.751465,0.0,0.0,373960.580078,12233.067627,378015.273254,376282.331543,-1732.9417109999922,7548446.719399666
2647,2217.184074,3257405.484375,3560.322037,0.0,0.0,1161193.710449,20582.895752,559039.362915,1164754.0324859999,605714.6695709999,11943820.109375
2648,2110.725612,2996488.619141,749.582092,0.0,0.0,1477267.625,18642.386627,537725.86438,1478017.207092,940291.3427119999,10987124.936850332
2649,2169.068314,3105415.466797,883.580872,0.0,0.0,1370811.875,18773.322113,600300.359375,1371695.455872,771395.096497,11386523.378255665
2650,2179.042015,3152230.536133,1554.981415,0.0,0.0,1324371.90625,18538.874542,654294.356689,1325926.887665,671632.530976,11558178.632487666
2651,2209.69598,3167593.361816,2847.376518,0.0,0.0,1141635.4375,18347.505463,615387.788391,1144482.814018,529095.0256269999,11614508.993325334
2652,2296.719879,3199097.838867,3340.839401,0.0,0.0,1073848.375,18945.575798,642079.113037,1077189.214401,435110.101364,11730025.409178998
2653,2343.675293,3373217.538086,3480.737732,0.0,0.0,938913.960938,19617.911682,612953.329407,942394.69867,329441.369263,12368464.306315333
2654,2360.64534,3478933.184082,2612.70459,0.0,0.0,773788.25,20016.541107,564399.742004,776400.95459,212001.21258599998,12756088.341634
2655,2278.694344,3274172.84375,2251.668457,0.0,0.0,494099.3125,19144.550934,621623.932129,496350.980957,-125272.95117199997,12005300.427083332
2656,2267.862648,3226054.372437,1675.842651,0.0,0.0,502171.017578,19225.408875,634906.000977,503846.86022900004,-131059.14074799995,11828866.032269
2657,2265.558605,3200955.037598,1668.154053,0.0,0.0,551687.71875,19671.141815,528486.798523,553355.872803,24869.07428000006,11736835.137859333
2658,2359.442383,3498214.875,2312.160461,0.0,0.0,394136.916016,21158.092163,607471.584045,396449.07647699997,-211022.50756800006,12826787.875
2659,2391.107742,3609641.832031,3403.112305,0.0,0.0,271148.324219,21872.17334,645109.551331,274551.436524,-370558.11480700003,13235353.384113666
2660,2385.962769,3566900.933594,2537.187927,0.0,0.0,265375.179688,21955.377258,614721.144531,267912.367615,-346808.77691600006,13078636.756511332
2661,2383.306358,3635986.710938,1690.455322,0.0,0.0,538736.744629,21258.42218,638928.08197,540427.1999509999,-98500.88201900013,13331951.273439333
2662,2367.933882,3621744.628662,735.094177,0.0,0.0,387632.734375,21716.782715,697319.344543,388367.828552,-308951.515991,13279730.305094
2663,2241.859031,3356811.711914,0.0,0.0,0.0,-562731.21875,19957.725098,732112.34668,-562731.21875,-1294843.56543,12308309.610351333
2664,2236.431236,3341802.228516,0.0,97118.225586,233828.023438,-1152926.328125,19933.488525,732164.981384,-1055808.102539,-1787973.0839230001,12248598.27742324
2665,2264.286278,3458309.554688,0.0,8424.306641,20372.296387,-922832.3125,20280.900818,687252.990234,-914408.005859,-1601660.996093,12680060.921261594
2666,2257.605461,3488519.453125,0.0,8638.271484,21684.384766,126150.873047,19695.526672,642308.537109,134789.144531,-507519.392578,12790804.307096345
2667,2314.595413,3503236.167969,287.691345,0.0,0.0,484430.964844,20552.614319,729773.353027,484718.656189,-245054.69683799997,12845199.282553
2668,2308.401016,3498850.332031,382.589569,0.0,0.0,608353.832031,20685.096619,716375.025146,608736.4216,-107638.60354599997,12829117.884113666
2669,2270.579247,3344740.265625,429.732681,0.0,0.0,1125969.84375,20383.050293,750458.867615,1126399.576431,375940.7088159999,12264047.640625
2670,2235.864252,3334370.507812,0.0,0.0,0.0,861033.421875,19640.012527,702472.567505,861033.421875,158560.85436999996,12226025.195310665
2671,2249.782425,3366901.792969,1565.951355,0.0,0.0,763604.765625,19670.849854,542567.214294,765170.71698,222603.50268600008,12345306.574219666
2672,1351.074278,2012238.127441,1571.957886,0.0,0.0,549660.519531,11843.71814,312850.151123,551232.4774170001,238382.3262940001,7378206.467283666
2794,2181.703981,3194463.617188,2378.16687,0.0,0.0,1274236.125,19844.21698,603457.330505,1276614.29187,673156.9613650001,11713033.263022667
2795,2123.844931,3064495.671875,865.943954,0.0,0.0,1574540.9375,18314.682678,565652.92688,1575406.881454,1009753.954574,11236484.130208332
2796,2145.04987,3110317.783203,212.696915,0.0,0.0,1288725.0,18235.715302,583308.243164,1288937.696915,705629.453751,11404498.538411
2797,2213.122158,3208289.774567,2530.536713,0.0,0.0,1050362.546875,18783.292023,637380.117432,1052893.083588,415512.9661559999,11763729.173412332
2798,2270.078568,3256593.602539,3973.672821,0.0,0.0,827956.5,18648.02533,629928.817627,831930.172821,202001.35519399995,11940843.209309667
2799,2243.098083,3207950.130859,3929.900635,0.0,0.0,826702.125,18372.35083,634784.019531,830632.025635,195848.0061039999,11762483.813149666
2800,2237.154243,3272034.693359,3323.060303,0.0,0.0,826702.125,18699.524658,636000.599365,830025.185303,194024.585938,11997460.542316332
2801,2231.327314,3234186.459961,3264.273438,0.0,0.0,785367.5,18523.585403,626358.819214,788631.773438,162272.954224,11858683.686523667
2802,2203.785107,3130544.160156,3399.852093,0.0,0.0,468056.359375,18665.27475,613016.175781,471456.211468,-141559.96431300003,11478661.920572
2803,2193.108492,3127263.93457,1332.970337,0.0,0.0,719575.082031,18654.830673,521245.515747,720908.052368,199662.53662100004,11466634.426756667
2804,2176.55021,3122858.175049,54.149406,0.0,0.0,873177.640625,18643.288343,457958.702148,873231.790031,415273.08788300003,11450479.975179667
2805,2244.792181,3346224.725586,631.317688,0.0,0.0,590349.0625,19236.887054,636592.717041,590980.380188,-45612.336852999986,12269490.660481999
2806,2399.872696,3636902.226562,4220.614746,0.0,0.0,101179.40625,22078.82489,603766.011353,105400.020996,-498365.9903569999,13335308.164060665
2807,2395.014496,3632994.382812,3567.0065,0.0,0.0,237168.9375,22219.28363,604293.981689,240735.944,-363558.037689,13320979.403644
2808,2373.908401,3610504.662109,3114.022949,0.0,0.0,545204.375,21458.846252,689398.014282,548318.397949,-141079.616333,13238517.094399666
2809,2277.833876,3390181.871094,596.097595,30018.511719,72163.085938,226051.318359,21374.462067,640287.753052,256665.927673,-383621.8253789999,12429223.598959241
2810,2200.046993,3271518.762207,0.0,0.0,0.0,-190475.679688,19624.858856,669505.577881,-190475.679688,-859981.257569,11995568.794759
2811,2173.202499,3199868.009766,0.0,0.0,0.0,-792896.109375,19627.752441,712139.280029,-792896.109375,-1505035.389404,11732849.369142
2812,2213.127157,3363253.431641,0.0,0.0,0.0,26844.766602,19760.875412,602765.146973,26844.766602,-575920.380371,12331929.249350332
2813,2208.139832,3356840.509766,0.0,0.0,0.0,600044.9375,19369.318604,634421.951599,600044.9375,-34377.01409900002,12308415.202475332
2814,2205.61859,3275729.08667,0.0,0.0,0.0,1028971.0625,19639.454835,696281.22876,1028971.0625,332689.83374000003,12011006.651123334
2815,2220.340969,3274015.576172,266.778381,0.0,0.0,1222297.46875,19854.652618,740091.783691,1222564.247131,482472.4634400001,12004723.779297331
2816,2175.60376,3127080.553223,199.576691,0.0,0.0,1832370.75,19357.751953,725477.586182,1832570.326691,1107092.7405090001,11465962.028484333
2817,2193.870567,3204960.571289,0.0,0.0,0.0,1533796.53125,19372.259521,668962.04541,1533796.53125,864834.48584,11751522.094726333
2818,2211.289749,3286734.500977,794.259113,0.0,0.0,1065953.546875,19216.283569,596597.42688,1066747.805988,470150.37910799996,12051359.836915666
2819,1325.823021,1957106.137695,1358.880859,0.0,0.0,523158.030273,11492.317505,348152.131897,524516.911132,176364.77923500002,7176055.838215
2941,2161.13018,3176888.250977,284.820679,0.0,0.0,1138415.5,18573.071999,628467.802673,1138700.320679,510232.5180060001,11648590.253582334
2942,2164.73101,3070197.31543,55.963863,0.0,0.0,1507041.6875,18589.845642,624100.687988,1507097.651363,882996.963375,11257390.156576667
2943,2147.066306,3073812.443359,34.810665,0.0,0.0,1474621.875,18659.242081,641628.476624,1474656.685665,833028.209041,11270645.625649666
2944,2238.730728,3217412.196777,2425.583389,0.0,0.0,1095459.375,19758.63324,661693.773438,1097884.958389,436191.18495100003,11797178.054849
2945,2278.409676,3237440.010742,3857.96225,0.0,0.0,844892.625,18875.472595,705369.678955,848750.58725,143380.90829499997,11870613.372720666
2946,2271.070122,3225382.64801,4187.175354,0.0,0.0,826740.125,18730.830261,599076.222412,830927.300354,231851.077942,11826403.042703332
2947,2195.93105,3175321.425537,3725.992599,0.0,0.0,785403.1875,18364.799641,643979.082092,789129.180099,145150.09800699994,11642845.226969
2948,2171.662827,3129192.17926,3325.498779,0.0,0.0,826740.125,17919.774475,550381.733521,830065.623779,279683.890258,11473704.657286666
2949,2119.944443,3033942.189453,3321.841797,0.0,0.0,443791.59375,18360.859924,542517.492676,447113.435547,-95404.05712900002,11124454.694661
2950,2125.772778,3029266.481934,1456.452057,0.0,0.0,717871.953125,18565.095306,541352.42157,719328.405182,177975.983612,11107310.433757998
2951,2186.363235,3193243.551758,1290.887394,0.0,0.0,638969.429688,18911.087708,604547.141113,640260.317082,35713.175968999974,11708559.689779334
2952,2242.818615,3482708.136719,0.0,10429.324219,25290.613281,26315.410156,19206.589874,640936.491028,36744.734375,-604191.756653,12769424.022370713
2953,2357.003403,3684476.878906,1963.384888,0.0,0.0,-61649.296875,21525.658752,626975.897949,-59685.911987,-686661.809936,13509748.555988666
2954,2359.197987,3613770.316406,3249.201904,0.0,0.0,417149.625,21907.405151,634149.274658,420398.826904,-213750.44775399996,13250491.160155332
2955,2286.155676,3504472.166992,693.074524,0.0,0.0,503951.757812,20492.926682,626935.655762,504644.832336,-122290.82342600002,12849731.278970666
2956,2189.992516,3286873.026367,0.0,0.0,0.0,220210.765625,19925.005005,703040.387207,220210.765625,-482829.62158200005,12051867.763345666
2957,2158.475731,3210213.499023,0.0,0.0,0.0,-148455.234375,19602.50354,672029.025146,-148455.234375,-820484.259521,11770782.829750998
2958,2183.593887,3280457.775391,0.0,0.0,0.0,-176883.84375,19943.356079,654971.985657,-176883.84375,-831855.829407,12028345.176433666
2959,2209.595741,3341968.154297,0.0,0.0,0.0,67337.425781,19921.758972,583858.31665,67337.425781,-516520.89086900005,12253883.232422331
2960,2229.377289,3431942.31543,0.0,0.0,0.0,663824.277344,19535.877686,616713.211304,663824.277344,47111.06603999995,12583788.48991
2961,2206.887558,3302829.708984,0.0,0.0,0.0,1001429.3125,19747.919556,803334.789429,1001429.3125,198094.523071,12110375.599608
2962,2195.373909,3256678.78418,25.865852,0.0,0.0,1296428.75,19617.96936,809420.398254,1296454.615852,487034.21759799996,11941155.541993333
2963,2188.034874,3222349.557617,0.0,0.0,0.0,1567743.875,19302.545166,707253.125854,1567743.875,860490.749146,11815281.711262332
2964,2198.152008,3245187.745117,0.0,0.0,0.0,1407995.1875,19321.839966,750942.417236,1407995.1875,657052.770264,11899021.732095666
2965,2220.264412,3353251.25293,0.0,0.0,0.0,913871.296875,19204.613525,690800.389893,913871.296875,223070.906982,12295254.594076665
2966,1336.21167,2001426.854004,88.822807,0.0,0.0,512309.3125,11576.54776,376731.118042,512398.135307,135667.01726500003,7338565.131348
3088,2114.754013,3095458.863281,140.056763,0.0,0.0,1235216.320312,18085.39032,566225.750488,1235356.3770750002,669130.6265870002,11350015.832030334
3089,2162.919468,3043301.901367,192.42482,0.0,0.0,1469604.3125,19140.500916,544309.37561,1469796.73732,925487.3617100001,11158773.638345666
3090,2202.489086,3113373.487793,70.144669,0.0,0.0,1535424.75,19633.116455,558923.994751,1535494.894669,976570.8999180001,11415702.788574332
3091,2254.968262,3183945.977539,1155.424786,0.0,0.0,1284035.6875,20004.21759,678647.501709,1285191.112286,606543.6105770001,11674468.584309667
3092,2297.795067,3330725.835938,1799.346283,0.0,0.0,1116659.28125,19142.832794,625733.055176,1118458.627533,492725.57235699997,12212661.398439333
3093,2301.161308,3361907.019043,1944.003922,0.0,0.0,875661.328125,19092.797272,606904.47876,877605.332047,270700.853287,12326992.403157666
3094,2177.998581,3188943.826172,2314.018143,0.0,0.0,794287.097656,18568.918457,577182.960693,796601.115799,219418.15510600002,11692794.029297331
3095,2076.185584,3032705.603394,1660.969849,0.0,0.0,822768.625,17153.947206,531516.990234,824429.594849,292912.60461499996,11119920.545777999
3096,2094.920111,3021619.863281,1653.319824,0.0,0.0,452353.375,18047.465843,553510.722595,454006.694824,-99504.02777100005,11079272.832030334
3097,2186.055817,3167980.446289,864.853104,0.0,0.0,569919.894531,18843.028381,571177.180176,570784.747635,-392.4325409999583,11615928.303059667
3098,2191.614685,3195030.099609,178.693077,0.0,0.0,572620.09375,18977.065918,631424.005981,572798.786827,-58625.21915400005,11715110.365233
3099,2228.382095,3448938.640625,0.0,37390.550781,90685.65625,57331.339844,18924.729858,674422.418457,94721.890625,-579700.527832,12644294.635833332
3100,2296.760246,3604984.515625,2010.939453,0.0,0.0,-50874.017578,20243.633179,727846.298584,-48863.078125,-776709.376709,13218276.557291666
3101,2303.749649,3618487.84375,2396.170654,0.0,0.0,-372432.59375,20797.439941,742400.139404,-370036.423096,-1112436.5625,13267788.760416666
3102,2140.711424,3276016.273438,0.0,0.0,0.0,270913.5625,18896.020721,699883.196533,270913.5625,-428969.634033,12012059.669272667
3103,2121.097923,3275225.994141,0.0,0.0,0.0,466818.894531,18606.908569,730281.031921,466818.894531,-263462.13739,12009161.978517
3104,2122.774414,3312720.5625,0.0,0.0,0.0,313053.4375,18792.128357,704835.919617,313053.4375,-391782.48211700004,12146642.0625
3105,2108.006242,3254346.234619,1667.518799,0.0,0.0,211848.632812,18943.398533,597833.650635,213516.151611,-384317.49902399996,11932602.860269666
3106,2145.678801,3297265.042969,1628.966431,0.0,0.0,376104.007812,19118.503906,545584.067444,377732.974243,-167851.09320100007,12089971.824219666
3107,2199.501968,3371487.194824,1641.663818,0.0,0.0,657821.240234,19066.325256,693302.999268,659462.904052,-33840.09521599999,12362119.714354666
3108,2218.801453,3363010.460449,169.749878,0.0,0.0,831052.863281,19420.50116,801489.628418,831222.6131590001,29732.98474100011,12331038.354979666
3109,2201.661964,3335720.34375,0.0,0.0,0.0,1204157.072266,19314.798279,773554.848877,1204157.072266,430602.22338900005,12230974.59375
3110,2179.738449,3169914.458984,0.0,0.0,0.0,1669141.640625,19064.60376,717605.238953,1669141.640625,951536.401672,11623019.682941332
3111,2204.93708,3320738.574219,0.0,0.0,0.0,1093393.540039,19181.147705,690171.771851,1093393.540039,403221.7681880001,12176041.438803
3112,2201.775871,3310208.496094,0.0,0.0,0.0,1013117.421875,19026.076965,648275.525635,1013117.421875,364841.89624000003,12137431.152344666
3113,1290.844967,1924568.45752,0.0,0.0,0.0,614063.046875,11124.614685,363904.818787,614063.046875,250158.22808799997,7056751.0109066665
3235,2105.789925,3068158.173828,1045.714233,0.0,0.0,1269169.1875,18077.364746,545538.17218,1270214.901733,724676.7295530001,11249913.304036
3236,2062.501963,3046469.046875,673.880066,0.0,0.0,1453716.9375,17697.018311,565596.676453,1454390.817566,888794.1411129999,11170386.505208332
3237,2113.810719,3039422.922852,0.0,0.0,0.0,1560152.875,18783.245834,602066.494507,1560152.875,958086.380493,11144550.717124
3238,2251.750534,3197363.816406,872.098755,0.0,0.0,1258747.75,20417.839752,578270.712036,1259619.848755,681349.136719,11723667.326822
3239,2294.291641,3361348.787109,0.0,0.0,0.0,1205358.5625,19160.222992,629931.15918,1205358.5625,575427.40332,12324945.552733
3240,2239.513515,3339730.928711,34.122662,0.0,0.0,958484.6875,18661.161896,625130.207764,958518.810162,333388.60239799996,12245680.071940333
3241,2120.428968,3154367.697266,0.0,0.0,0.0,852858.664062,18219.6534,581400.306152,852858.664062,271458.35791,11566014.889975332
3242,2087.072186,3115615.203125,39.761044,0.0,0.0,818796.625,17629.75528,561335.792969,818836.386044,257500.5930750001,11423922.411458332
3243,2083.523943,3021877.733398,516.176636,0.0,0.0,467487.1875,17892.113037,537728.672852,468003.364136,-69725.308716,11080218.355792666
3244,2194.283325,3184778.472534,99.444023,0.0,0.0,569336.6875,18772.937622,549369.89386,569436.131523,20066.237663000007,11677521.065957999
3245,2197.057411,3223067.089844,136.218582,0.0,0.0,613190.578125,18910.478516,639349.405762,613326.796707,-26022.609055000008,11817912.662761332
3246,2205.815666,3361301.308594,181.261581,0.0,0.0,727998.457031,18824.484985,701788.480652,728179.7186120001,26391.237960000057,12324771.464844666
3247,2223.853217,3418698.892578,2063.34795,0.0,0.0,25334.6875,18927.033272,728533.094055,27398.03545,-701135.058605,12535229.272786
3248,2219.566133,3485070.783203,775.887268,0.0,0.0,244008.390625,19835.397522,774140.69342,244784.277893,-529356.4155270001,12778592.871744333
3249,2126.27813,3324450.148438,0.0,0.0,0.0,597938.0625,18452.128296,745528.280396,597938.0625,-147590.21789600002,12189650.544272667
3250,2135.918076,3355099.998047,0.0,0.0,0.0,703192.0625,18487.362305,687152.696106,703192.0625,16039.366394000011,12302033.326172331
3251,2132.269653,3346594.070312,0.0,0.0,0.0,775230.0,18674.433167,777236.168701,775230.0,-2006.168701000046,12270844.924477333
3252,2112.516006,3259865.326172,3315.650879,0.0,0.0,783060.625,18866.09967,638542.01947,786376.275879,147834.2564089999,11952839.529297331
3253,2123.706726,3260292.291992,3304.272705,0.0,0.0,742291.3125,18717.948608,617260.754272,745595.585205,128334.83093299996,11954405.070637332
3254,2132.188126,3263898.26709,3286.272217,0.0,0.0,735461.75,18227.587646,673209.490051,738748.022217,65538.53216599999,11967626.97933
3255,2152.920784,3399832.168457,0.0,0.0,0.0,724175.360596,18215.533691,688427.462402,724175.360596,35747.89819400001,12466051.284342334
3256,2155.777351,3347037.438477,0.0,2475.114746,13273.750977,1079911.28125,18338.103333,673207.49292,1082386.395996,409178.90307599993,12272205.13272946
3257,2148.382942,3180555.66748,0.0,0.0,0.0,1500656.625,18303.268921,683569.782471,1500656.625,817086.842529,11662037.447426666
3258,2125.482979,3218056.559082,67.632515,0.0,0.0,1298314.140625,18154.823792,621549.745361,1298381.77314,676832.027779,11799540.716634
3259,2113.978043,3182134.750977,454.12146,0.0,0.0,1176387.25,17925.431702,555210.878784,1176841.37146,621630.4926760001,11667827.420249
3260,1260.459866,1826101.485352,979.650192,0.0,0.0,658836.3125,10888.073059,329238.154968,659815.962692,330577.80772399995,6695705.446290666
3382,2000.458755,2995558.99707,282.751617,0.0,0.0,1323854.203125,17344.82032,520064.470886,1324136.954742,804072.483856,10983716.322589999
3383,2028.752199,2968165.411133,194.102219,0.0,0.0,1403511.0625,17647.722794,592337.324158,1403705.164719,811367.840561,10883273.174154334
3384,2084.770851,2925725.237793,1362.462997,0.0,0.0,1380999.125,19739.68988,603250.622864,1382361.587997,779110.9651329999,10727659.205241
3385,2175.030087,3136197.404297,1686.813477,0.0,0.0,1161420.71875,20962.452866,529027.502014,1163107.532227,634080.030213,11499390.482422331
3386,2205.782729,3263272.304443,34.440403,0.0,0.0,978721.3125,19653.532331,493198.697388,978755.752903,485557.055515,11965331.782957666
3387,2165.881756,3226323.498047,206.544235,0.0,0.0,973920.65625,19341.981323,595377.779541,974127.200485,378749.420944,11829852.826172331
3388,2114.456001,3181065.845215,180.060791,0.0,0.0,881066.195312,19298.698761,630629.080078,881246.256103,250617.17602500005,11663908.099121667
3389,2112.694595,3160853.593262,116.399445,0.0,0.0,696008.5625,19109.930969,554717.268066,696124.961945,141407.69387900003,11589796.508627333
3390,2092.401295,3073333.121094,1173.684052,0.0,0.0,571891.015625,18254.003784,641577.954407,573064.699677,-68513.25472999993,11268888.110678
3391,2123.847149,3129825.219727,454.39642,0.0,0.0,591099.851562,18256.170593,628908.390381,591554.247982,-37354.142399000004,11476025.805665666
3392,2182.851379,3183845.148926,0.0,0.0,0.0,588561.765625,19025.890381,635621.200195,588561.765625,-47059.43457000004,11674098.879395334
3393,2194.808762,3310279.563477,1105.89978,0.0,0.0,847911.703125,18728.689941,706085.228271,849017.602905,142932.374634,12137691.732749
3394,2150.79495,3210648.236328,584.811935,0.0,0.0,998969.875,18689.245377,650776.616699,999554.686935,348778.070236,11772376.866536
3395,2090.075941,3109175.883789,2089.916016,0.0,0.0,1128847.03125,18741.579826,730359.4599,1130936.947266,400577.4873660001,11400311.573893
3396,2101.787956,3292847.871094,0.0,0.0,0.0,667858.0,18145.382629,738320.499695,667858.0,-70462.499695,12073775.527344666
3397,2128.385391,3309700.522461,0.0,0.0,0.0,747861.125,18495.974854,662284.695068,747861.125,85576.429932,12135568.582356999
3398,2130.133293,3339891.832031,0.0,0.0,0.0,751771.875,18546.303284,701755.335938,751771.875,50016.539061999996,12246270.050780332
3399,2098.783279,3225217.566406,3242.429688,0.0,0.0,720448.0,18715.439514,629925.626343,723690.429688,93764.80334500002,11825797.743488666
3400,2126.558075,3268085.274414,3281.611572,0.0,0.0,789638.0,18569.491821,726025.984131,792919.611572,66893.62744099996,11982979.339518
3401,2133.403076,3312315.648438,3271.205589,0.0,0.0,775466.9375,18181.362671,612956.440674,778738.143089,165781.70241500007,12145157.377606
3402,2147.726936,3415468.67334,132.260941,0.0,0.0,703516.3125,17917.497131,575896.499634,703648.573441,127752.07380699995,12523385.13558
3403,2108.356865,3277776.809082,68.287285,0.0,0.0,1033776.75,17628.946289,638534.554199,1033845.037285,395310.48308599996,12018514.966634
3404,2060.835262,3113485.65332,69.32383,0.0,0.0,1344474.5,17291.949097,653760.547485,1344543.82383,690783.2763449999,11416114.062173333
3405,2049.373844,3056480.363281,70.518082,0.0,0.0,1410904.34375,17455.486877,617328.348755,1410974.861832,793646.513077,11207094.665363666
3406,2015.70759,2998025.970703,1031.256226,0.0,0.0,1227168.996094,17127.230492,552851.810059,1228200.25232,675348.4422609999,10992761.892577667
3407,1195.977077,1769179.641113,865.721985,0.0,0.0,715855.90625,10313.207619,307978.310547,716721.628235,408743.317688,6486992.017414333
3529,1933.27354,2925211.07373,304.987497,0.0,0.0,843337.15625,16217.359779,493894.007996,843642.143747,349748.135751,10725773.93701
3530,2054.152988,3065559.160156,607.582199,0.0,0.0,638875.65625,17549.864807,612936.419617,639483.238449,26546.81883200002,11240383.587238666
3531,2111.857445,2983904.850586,1231.013672,0.0,0.0,889132.734375,19670.166931,612271.557861,890363.748047,278092.1901860001,10940984.452148667
3532,2092.48531,2995558.234375,917.850708,0.0,0.0,877658.9375,20701.460026,488884.115295,878576.788208,389692.672913,10983713.526041666
3533,2149.071323,3143130.166016,102.761932,0.0,0.0,732368.203125,20953.208069,526053.029785,732470.965057,206417.93527200003,11524810.608725332
3534,2112.462878,3119287.272461,136.626953,0.0,0.0,863609.5,19318.732635,587460.713745,863746.126953,276285.413208,11437386.665690333
3535,2115.501152,3146124.976562,205.664337,0.0,0.0,914216.0,18971.782349,622681.05957,914421.664337,291740.60476699995,11535791.580727333
3536,2142.326027,3243979.094727,690.414856,0.0,0.0,944765.5,19017.513138,645261.932861,945455.914856,300193.98199500004,11894590.013999
3537,2182.052185,3319436.882812,3273.045654,0.0,0.0,274716.833008,19693.357544,674422.78772,277989.878662,-396432.909058,12171268.570310665
3538,2102.979291,3191352.065308,5344.584595,0.0,0.0,270688.03125,18841.385414,726145.84668,276032.615845,-450113.23083499994,11701624.239462666
3539,2112.615536,3150497.353516,2049.168274,0.0,0.0,228825.070312,19131.858826,616762.841187,230874.238586,-385888.60260100005,11551823.629558666
3540,2151.394569,3184947.441406,2455.31897,0.0,0.0,610134.394531,18638.717834,621592.597412,612589.7135010001,-9002.883910999866,11678140.618488666
3541,2019.924547,2969617.513672,1799.47261,0.0,0.0,974715.039062,17422.883499,675700.380127,976514.511672,300814.131545,10888597.550130665
3542,1985.451668,2843728.164062,3505.141357,0.0,0.0,1286663.632812,17634.812927,689002.718506,1290168.774169,601166.0556630001,10427003.268227333
3543,2069.214741,3102438.587402,1597.308838,0.0,0.0,,18799.514832,729824.448425,,,11375608.153807333
3544,2113.618996,3198171.277344,1580.000488,0.0,0.0,844987.546875,19313.993591,632458.306091,846567.547363,214109.241272,11726628.016928
3545,2124.260078,3292095.264648,1586.675049,0.0,0.0,775479.6875,18505.908813,642108.361084,777066.362549,134958.00146499998,12071015.970375998
3546,2113.484802,3313159.121094,1627.821777,0.0,0.0,657995.75,18539.31012,683572.080811,659623.571777,-23948.509033999988,12148250.110678
3547,2134.970146,3370288.671875,1764.215134,0.0,0.0,721175.5,18403.179443,665355.606445,722939.715134,57584.108689000015,12357725.130208332
3548,2143.237915,3368656.136719,1580.919044,0.0,0.0,758683.125,18200.915344,604555.151367,760264.044044,155708.89267700003,12351739.167969666
3549,2122.51506,3359032.544434,65.623779,0.0,0.0,712682.375,17780.951477,525537.293457,712747.998779,187210.70532199997,12316452.662924666
3550,2034.277686,3168761.485962,163.88089,0.0,0.0,906795.21875,17055.723132,606346.65625,906959.09964,300612.44339000003,11618792.115194
3551,2030.381927,3085579.183594,0.0,0.0,0.0,1165551.9375,16930.888794,619119.88269,1165551.9375,546432.05481,11313790.339844666
3552,1931.202045,2866114.818359,34.744514,0.0,0.0,1625290.84375,16364.050547,584506.709961,1625325.588264,1040818.8783029999,10509087.667316334
3553,1932.041721,2943132.650391,975.091309,0.0,0.0,1145208.820312,16244.586845,490882.986328,1146183.9116210002,655300.9252930002,10791486.384767
3554,1153.873955,1767310.803223,933.75071,0.0,0.0,500906.46875,9703.79538,308624.732544,501840.21946,193215.48691599997,6480139.611817666
3676,1167.775862,1785591.246826,171.192825,0.0,0.0,191441.390625,9511.256393,310473.582336,191612.58345,-118860.99888599999,6547167.905028666
3677,1194.49173,1847028.128906,64.79129,0.0,0.0,0.0,9623.789398,345693.626587,64.79129,-345628.83529699995,6772436.472655333
3678,1206.883267,1724923.94873,147.45462,0.0,0.0,222564.90625,10600.49202,310395.896606,222712.36087,-87683.53573600002,6324721.1453433335
3679,1259.833399,1836345.680908,68.539139,0.0,0.0,155833.375,12268.82962,286665.599976,155901.914139,-130763.68583700003,6733267.496662667
3680,1211.852085,1776033.078125,103.148323,0.0,0.0,118323.875,11040.134594,294009.282349,118427.023323,-175582.25902599999,6512121.286458333
3681,1256.068005,1848772.876709,36.559643,0.0,0.0,311280.4375,11472.020737,318954.926392,311316.997143,-7637.929248999979,6778833.881266333
3682,1269.734646,1900087.6875,0.0,0.0,0.0,468864.957031,11250.8078,372406.384094,468864.957031,96458.57293700002,6966988.1875
3683,1291.815018,1887436.660645,723.010437,0.0,0.0,848389.53125,11530.739136,395501.096619,849112.541687,453611.44506799994,6920601.0890316665
3684,1315.300045,2059092.519531,3541.260498,0.0,0.0,48846.828125,11834.606323,408291.687134,52388.088623,-355903.598511,7550005.904947
3685,1280.043337,1966864.764893,3169.146484,0.0,0.0,-85651.4375,11828.974762,379192.956787,-82482.291016,-461675.24780300003,7211837.471274333
3686,1239.613762,1833448.220215,2189.50351,0.0,0.0,-87103.15625,11381.839508,394421.429626,-84913.65274,-479335.082366,6722643.4741216665
3687,1207.828141,1834360.620605,2626.879456,0.0,0.0,-17420.632812,10238.464956,329351.348633,-14793.753356,-344145.101989,6725988.9422183335
3688,1204.947746,1780254.542969,2072.134201,0.0,0.0,230581.695312,10248.869171,390091.780273,232653.829513,-157437.95076,6527599.990886333
3689,1190.370193,1708377.221191,2523.745911,0.0,0.0,572967.515625,10355.802307,364546.661621,575491.261536,210944.59991499997,6264049.811033666
3690,1230.442902,1819874.052734,1889.278076,0.0,0.0,453706.992188,11146.488495,408327.661072,455596.270264,47268.609192,6672871.526691332
3691,1255.979843,1872653.947754,1892.842651,0.0,0.0,532175.453125,11633.7099,403468.006104,534068.295776,130600.28967200004,6866397.808431333
3692,1253.848965,1952693.143066,1925.458984,0.0,0.0,470115.8125,10950.87381,430815.003418,472041.271484,41226.26806600002,7159874.857908666
3693,1258.011692,1996114.999512,0.0,0.0,0.0,438775.03125,10875.398315,395557.143188,438775.03125,43217.88806199998,7319088.331544
3694,1284.151829,2046451.601562,0.0,0.0,0.0,434698.71875,10954.018799,417469.201294,434698.71875,17229.517455999972,7503655.872394
3695,1287.815895,2048848.018555,32.389523,0.0,0.0,432998.5625,10860.663971,354232.951904,433030.952023,78798.00011899997,7512442.734701666
3696,1262.290207,2002812.266602,98.343643,0.0,0.0,396303.9375,10504.157593,346941.334717,396402.281143,49460.94642599998,7343644.977540666
3697,1222.039799,1914447.21875,489.439728,0.0,0.0,297037.6875,10177.134125,337886.706726,297527.127228,-40359.57949799998,7019639.802083333
3698,1220.896809,1873503.153564,33.627487,0.0,0.0,584898.296875,10116.851746,339039.151306,584931.924362,245892.77305599995,6869511.563068
3699,1156.235487,1777756.312256,33.389462,0.0,0.0,751312.035156,9621.164906,340870.07135,751345.424618,410475.35326800006,6518439.811605333
3700,1157.09618,1805003.193848,445.144836,0.0,0.0,609238.125,9565.944214,295891.858398,609683.269836,313791.41143800004,6618345.044109332
3701,698.504711,1093636.533691,435.732788,0.0,0.0,170170.03125,5698.577835,177429.213379,170605.764038,-6823.449341,4010000.623533666
